Unnamed: 0,Groups & Sub-Groups,Weight %,2015/16,2016/17,2017/18,2018/19,Percent Change,Percent Change.1,1   CAPITAL FUND,17376.7,14237.7,17735.1,19707.0,19128.1,18539.1,108675.0,15633.1,21442.9,24104.8,19674.5,Unnamed: 7,Bank/FI,Name,Interest Rate,Minimum Balance,Tenure,19707,108675,Trade,Last,Previous,Highest,Lowest,Amount,Date
2.0,Overall Index,100.0,0.257917075,0.551546392,0.600739827,0.586464942,0.795595709,0.639561707,,,,,,,,,,,,,,,,,,,,,,,,,,,
3.0,Food and Beverage,43.91,0.290238328,0.480174465,0.51541307,0.49829185,0.755787691,0.55017301,,,,,,,,,,,,,,,,,,,,,,,,,,,
4.0,Cereal grains and their products,11.33,0.234084231,0.403251388,0.458692972,0.501382788,0.748164879,0.679930796,,,,,,,,,,,,,,,,,,,,,,,,,,,
5.0,Pulses and Legumes,1.84,1.0,0.969072165,0.0,0.0,0.0,0.0,,,,,,,,,,,,,,,,,,,,,,,,,,,
6.0,Vegetable,5.52,0.269670258,0.260904044,0.604438964,0.442980316,1.0,0.207035755,,,,,,,,,,,,,,,,,,,,,,,,,,,
7.0,Meat and Fish,6.75,0.253346392,0.454004758,0.484340321,0.503172279,0.741106719,0.630334487,,,,,,,,,,,,,,,,,,,,,,,,,,,
8.0,Milk products and Eggs,5.24,0.258896507,0.51665345,0.657706535,0.58272328,0.875494071,0.514417532,,,,,,,,,,,,,,,,,,,,,,,,,,,
9.0,Ghee and Oil,2.95,0.569049951,0.452815226,0.489025894,0.541239629,0.746753247,0.737600923,,,,,,,,,,,,,,,,,,,,,,,,,,,
10.0,Fruit,2.08,0.147241267,0.38223632,0.480887793,0.53310558,0.784867307,0.730103806,,,,,,,,,,,,,,,,,,,,,,,,,,,
11.0,Sugar and Sugar products,1.74,0.17107411,0.88183981,0.668310727,0.474215064,0.659514399,0.179354095,,,,,,,,,,,,,,,,,,,,,,,,,,,
12.0,Spices,1.21,0.37381652,0.753766852,0.463378545,0.508866114,0.539243365,0.693194925,,,,,,,,,,,,,,,,,,,,,,,,,,,
13.0,Non-alcoholic drinks,1.24,0.087822396,0.300555115,0.406411837,0.4371238,0.761998871,0.5911188,,,,,,,,,,,,,,,,,,,,,,,,,,,
14.0,Alcoholic drinks,0.68,0.354554358,1.0,1.0,1.0,0.894127612,1.0,,,,,,,,,,,,,,,,,,,,,,,,,,,
15.0,Tobacco products,0.41,0.182174339,0.42149088,0.550184957,0.661948918,0.830039526,0.972318339,,,,,,,,,,,,,,,,,,,,,,,,,,,
16.0,Restaurant and Hotel,2.92,0.238328436,0.640761301,0.679161529,0.644867415,0.815640881,0.651672434,,,,,,,,,,,,,,,,,,,,,,,,,,,
17.0,Non-food and Services,56.09,0.233104799,0.608643933,0.669543773,0.658207256,0.826933936,0.709919262,,,,,,,,,,,,,,,,,,,,,,,,,,,
18.0,Clothes and Footwear,7.19,0.396996409,0.942109437,0.908754624,0.844476981,0.846132129,0.761245675,,,,,,,,,,,,,,,,,,,,,,,,,,,
19.0,Housing and Utilities,20.3,0.349004244,0.835844568,0.865351418,0.833577355,0.870976849,0.814878893,,,,,,,,,,,,,,,,,,,,,,,,,,,
20.0,Furnishing and Household equipment,4.3,0.138752857,0.476605868,0.54081381,0.565479095,0.784020327,0.701268743,,,,,,,,,,,,,,,,,,,,,,,,,,,
21.0,Health,3.47,0.018282729,0.173671689,0.306288533,0.34114202,0.741389046,0.501153403,,,,,,,,,,,,,,,,,,,,,,,,,,,
22.0,Transportation,5.34,0.0,0.0,0.188162762,0.328778266,0.732636928,0.732987313,,,,,,,,,,,,,,,,,,,,,,,,,,,
23.0,Communication,2.82,0.100881489,0.156225218,0.250308261,0.239466406,0.692546584,0.286043829,,,,,,,,,,,,,,,,,,,,,,,,,,,
24.0,Recreation and Culture,2.46,0.073130917,0.259714512,0.411097411,0.452578494,0.79474873,0.630334487,,,,,,,,,,,,,,,,,,,,,,,,,,,
25.0,Education,7.41,0.262814234,0.79222839,0.872749692,0.781844802,0.905420666,0.660322953,,,,,,,,,,,,,,,,,,,,,,,,,,,
26.0,Miscellaneous goods and services,2.81,0.079660464,0.511895321,0.56325524,0.574751912,0.783455675,0.682237601,,,,,,,,,,,,,,,,,,,,,,,,,,,
29.0,Overall Index,100.0,0.312438786,0.558683584,0.580024661,0.576378721,0.770186335,0.652249135,,,,,,,,,,,,,,,,,,,,,,,,,,,
30.0,Food and Beverage,39.77,0.369245837,0.557097542,0.57755857,0.544005206,0.768774704,0.560553633,,,,,,,,,,,,,,,,,,,,,,,,,,,
31.0,Non-food and Services,60.23,0.275220372,0.559873117,0.581750925,0.598015292,0.771315641,0.713379469,,,,,,,,,,,,,,,,,,,,,,,,,,,
34.0,Overall Index,100.0,0.215475024,0.493655829,0.570160296,0.55799577,0.802371542,0.617647059,,,,,,,,,,,,,,,,,,,,,,,,,,,
35.0,Food and Beverage,44.14,0.251387529,0.41554322,0.469543773,0.451277046,0.751270469,0.501153403,,,,,,,,,,,,,,,,,,,,,,,,,,,
36.0,Non-food and Services,55.86,0.187397976,0.55630452,0.652527744,0.646494225,0.843873518,0.710495963,,,,,,,,,,,,,,,,,,,,,,,,,,,
39.0,Overall Index,100.0,0.27424094,0.655828707,0.681134402,0.649097121,0.808018069,0.660322953,,,,,,,,,,,,,,,,,,,,,,,,,,,
40.0,Food and Beverage,46.88,0.285994123,0.524980174,0.52946979,0.531316089,0.741106719,0.621683968,,,,,,,,,,,,,,,,,,,,,,,,,,,
41.0,Non-food and Services,53.12,0.263793666,0.775574941,0.821701603,0.758906784,0.867588933,0.694348328,,,,,,,,,,,,,,,,,,,,,,,,,,,
44.0,Overall Index,100.0,0.220372184,0.486915147,0.606658446,0.595737758,0.843873518,0.655132641,,,,,,,,,,,,,,,,,,,,,,,,,,,
45.0,Food and Beverage,59.53,0.212536729,0.416336241,0.535881628,0.513909224,0.818746471,0.555363322,,,,,,,,,,,,,,,,,,,,,,,,,,,
46.0,Non-food and Services,40.47,0.23179889,0.592783505,0.713686806,0.722628925,0.880575946,0.805651672,,,,,,,,,,,,,,,,,,,,,,,,,,,
2.0,Overall Index,100.0,109.92,114.83,119.59,125.14,4.15,4.64,,,,,,,,,,,,,,,,,,,,,,,,,,,
3.0,Food and Beverage,43.91,110.91,113.03,116.13,119.72,2.74,3.09,,,,,,,,,,,,,,,,,,,,,,,,,,,
4.0,Cereal grains and their products,11.33,109.19,111.09,113.83,119.91,2.47,5.34,,,,,,,,,,,,,,,,,,,,,,,,,,,
5.0,Pulses and Legumes,1.84,132.65,125.36,95.23,89.09,-24.03,-6.45,,,,,,,,,,,,,,,,,,,,,,,,,,,
6.0,Vegetable,5.52,110.28,107.5,119.74,116.32,11.39,-2.86,,,,,,,,,,,,,,,,,,,,,,,,,,,
7.0,Meat and Fish,6.75,109.78,112.37,114.87,120.02,2.22,4.48,,,,,,,,,,,,,,,,,,,,,,,,,,,
8.0,Milk products and Eggs,5.24,109.95,113.95,121.9,124.91,6.98,2.47,,,,,,,,,,,,,,,,,,,,,,,,,,,
9.0,Ghee and Oil,2.95,119.45,112.34,115.06,122.36,2.42,6.34,,,,,,,,,,,,,,,,,,,,,,,,,,,
10.0,Fruit,2.08,106.53,110.56,114.73,121.86,3.77,6.21,,,,,,,,,,,,,,,,,,,,,,,,,,,
11.0,Sugar and Sugar products,1.74,107.26,123.16,122.33,118.24,-0.67,-3.34,,,,,,,,,,,,,,,,,,,,,,,,,,,
12.0,Spices,1.21,113.47,119.93,114.02,120.37,-4.93,5.57,,,,,,,,,,,,,,,,,,,,,,,,,,,
13.0,Non-alcoholic drinks,1.24,104.71,108.5,111.71,115.96,2.96,3.8,,,,,,,,,,,,,,,,,,,,,,,,,,,
14.0,Alcoholic drinks,0.68,112.88,126.14,135.78,150.56,7.64,10.89,,,,,,,,,,,,,,,,,,,,,,,,,,,
15.0,Tobacco products,0.41,107.6,111.55,117.54,129.78,5.37,10.41,,,,,,,,,,,,,,,,,,,,,,,,,,,
16.0,Restaurant and Hotel,2.92,109.32,117.08,122.77,128.73,4.86,4.85,,,,,,,,,,,,,,,,,,,,,,,,,,,
17.0,Non-food and Services,56.09,109.16,116.27,122.38,129.55,5.26,5.86,,,,,,,,,,,,,,,,,,,,,,,,,,,
18.0,Clothes and Footwear,7.19,114.18,124.68,132.08,141.0,5.94,6.75,,,,,,,,,,,,,,,,,,,,,,,,,,,
19.0,Housing and Utilities,20.3,112.71,122.0,130.32,140.33,6.82,7.68,,,,,,,,,,,,,,,,,,,,,,,,,,,
20.0,Furnishing and Household equipment,4.3,106.27,112.94,117.16,123.85,3.74,5.71,,,,,,,,,,,,,,,,,,,,,,,,,,,
21.0,Health,3.47,102.58,105.3,107.65,110.06,2.23,2.24,,,,,,,,,,,,,,,,,,,,,,,,,,,
22.0,Transportation,5.34,102.02,100.92,102.86,109.3,1.92,6.26,,,,,,,,,,,,,,,,,,,,,,,,,,,
23.0,Communication,2.82,105.11,104.86,105.38,103.81,0.5,-1.49,,,,,,,,,,,,,,,,,,,,,,,,,,,
24.0,Recreation and Culture,2.46,104.26,107.47,111.9,116.91,4.12,4.48,,,,,,,,,,,,,,,,,,,,,,,,,,,
25.0,Education,7.41,110.07,120.9,130.62,137.15,8.04,5.0,,,,,,,,,,,,,,,,,,,,,,,,,,,
26.0,Miscellaneous goods and services,2.81,104.46,113.83,118.07,124.42,3.72,5.38,,,,,,,,,,,,,,,,,,,,,,,,,,,
29.0,Overall Index,100.0,111.59,115.01,118.75,124.52,3.25,4.86,,,,,,,,,,,,,,,,,,,,,,,,,,,
30.0,Food and Beverage,39.77,113.33,114.97,118.65,122.53,3.2,3.27,,,,,,,,,,,,,,,,,,,,,,,,,,,
31.0,Non-food and Services,60.23,110.45,115.04,118.82,125.85,3.29,5.92,,,,,,,,,,,,,,,,,,,,,,,,,,,
34.0,Overall Index,100.0,108.62,113.37,118.35,123.39,4.39,4.26,,,,,,,,,,,,,,,,,,,,,,,,,,,
35.0,Food and Beverage,44.14,109.72,111.4,114.27,116.83,2.58,2.24,,,,,,,,,,,,,,,,,,,,,,,,,,,
36.0,Non-food and Services,55.86,107.76,114.95,121.69,128.83,5.86,5.87,,,,,,,,,,,,,,,,,,,,,,,,,,,
39.0,Overall Index,100.0,110.42,117.46,122.85,128.99,4.59,5.0,,,,,,,,,,,,,,,,,,,,,,,,,,,
40.0,Food and Beverage,46.88,110.78,114.16,116.7,121.75,2.22,4.33,,,,,,,,,,,,,,,,,,,,,,,,,,,
41.0,Non-food and Services,53.12,110.1,120.48,128.55,135.74,6.7,5.59,,,,,,,,,,,,,,,,,,,,,,,,,,,
44.0,Overall Index,100.0,108.77,113.2,119.83,125.71,5.86,4.91,,,,,,,,,,,,,,,,,,,,,,,,,,,
45.0,Food and Beverage,59.53,108.53,111.42,116.96,120.68,4.97,3.18,,,,,,,,,,,,,,,,,,,,,,,,,,,
46.0,Non-food and Services,40.47,109.12,115.87,124.17,133.51,7.16,7.52,,,,,,,,,,,,,,,,,,,,,,,,,,,
,,,,,,,,,a. Paid-up Capital,13115.5,13000.0,16272.0,14850.0,16135.2,15610.5,94375.0,15000.0,20000.0,22457.5,18824.6,,,,,,,,,,,,,,,
,,,,,,,,,b. Calls in Advance,0.0,0.0,0.0,0.0,0.0,0.0,0.0,0.0,0.0,0.0,0.0,,,,,,,,,,,,,,,
,,,,,,,,,c. General Reserves,2832.6,2529.0,1273.1,2354.4,1550.0,1665.5,13294.4,321.1,688.4,991.4,547.7,,,,,,,,,,,,,,,
,,,,,,,,,d. Share Premium,418.7,52.8,0.0,44.4,130.7,0.0,0.0,150.5,429.7,0.0,190.3,,,,,,,,,,,,,,,
,,,,,,,,,e. Retained Earning,20.9,(1790.5),98.2,222.0,170.4,446.9,(43916.7),19.3,271.1,655.9,64.4,,,,,,,,,,,,,,,
,,,,,,,,,f. Others Reserves Fund,854.7,429.7,0.0,2172.4,1045.3,749.5,44830.1,3.0,45.5,0.0,0.7,,,,,,,,,,,,,,,
,,,,,,,,,g.  Exchange Fluctuation Fund,134.2,16.7,91.9,63.8,96.5,66.7,92.2,139.3,8.1,0.0,46.8,,,,,,,,,,,,,,,
,,,,,,,,,2   BORROWINGS,12502.0,215.0,9900.0,13390.1,3500.0,10018.5,25457.0,10375.8,21450.0,17128.4,716.5,,,,,,,,,,,,,,,
,,,,,,,,,a. NRB,9069.0,0.0,9400.0,0.0,0.0,7000.0,1233.4,10000.0,8500.0,9600.0,0.0,,,,,,,,,,,,,,,
,,,,,,,,,"b. ""A""Class Licensed Institution",1433.0,215.0,500.0,9390.1,0.0,0.0,0.0,375.8,12950.0,7528.4,716.5,,,,,,,,,,,,,,,
,,,,,,,,,c. Foreign Banks and Fin. Ins.,0.0,0.0,0.0,0.0,0.0,290.8,0.0,0.0,0.0,0.0,0.0,,,,,,,,,,,,,,,
,,,,,,,,,d. Other Financial Ins.,0.0,0.0,0.0,0.0,0.0,450.0,1223.6,0.0,0.0,0.0,0.0,,,,,,,,,,,,,,,
,,,,,,,,,e. Bonds and Securities,2000.0,0.0,0.0,4000.0,3500.0,2277.7,23000.0,0.0,0.0,0.0,0.0,,,,,,,,,,,,,,,
,,,,,,,,,3   DEPOSITS,173764.6,66246.1,170852.9,162136.3,176621.7,203472.8,326456.0,144040.1,133049.2,171220.6,131489.5,,,,,,,,,,,,,,,
,,,,,,,,,a. Current,11273.1,2316.4,4826.7,6812.8,5906.9,4533.1,21466.6,6922.4,4774.6,4502.2,1990.7,,,,,,,,,,,,,,,
,,,,,,,,,Domestic,11062.3,2163.2,4559.5,6451.0,5325.8,3872.2,21466.6,5717.5,3132.9,4436.6,1975.8,,,,,,,,,,,,,,,
,,,,,,,,,Foreign,210.8,153.2,267.2,361.8,581.1,660.9,0.0,1205.0,1641.7,65.5,14.8,,,,,,,,,,,,,,,
,,,,,,,,,b. Savings,38501.6,19903.7,69599.0,66101.5,41683.3,30269.5,163201.8,38208.0,32694.6,20925.4,24888.3,,,,,,,,,,,,,,,
,,,,,,,,,Domestic,37957.7,19736.2,69230.0,64944.4,40091.9,29972.7,163201.8,37519.0,32480.2,20843.0,24854.1,,,,,,,,,,,,,,,
,,,,,,,,,Foreign,543.9,167.6,369.0,1157.1,1591.3,296.8,0.0,689.1,214.4,82.4,34.2,,,,,,,,,,,,,,,
,,,,,,,,,c. Fixed,95598.6,35708.5,64073.3,65912.0,97614.9,112166.0,140611.5,66316.2,60589.0,75397.2,80492.9,,,,,,,,,,,,,,,
,,,,,,,,,Domestic,88155.8,35572.4,60817.7,58303.0,85525.4,104649.4,140611.5,64392.8,53389.6,70456.8,66061.1,,,,,,,,,,,,,,,
,,,,,,,,,Foreign,7442.8,136.1,3255.7,7609.0,12089.5,7516.6,0.0,1923.4,7199.4,4940.4,14431.8,,,,,,,,,,,,,,,
,,,,,,,,,d. Call Deposits,27044.4,7805.9,31210.9,21406.1,28747.7,54686.8,1176.0,29835.1,34378.8,69501.9,23540.9,,,,,,,,,,,,,,,
,,,,,,,,,e. Others,1346.9,511.5,1143.0,1903.9,2668.9,1817.4,0.0,2758.3,612.1,894.0,576.8,,,,,,,,,,,,,,,
,,,,,,,,,4   Bills Payable,30.1,30.0,146.8,126.7,55.3,119.9,0.0,81.2,42.0,30.6,200.8,,,,,,,,,,,,,,,
,,,,,,,,,5   Other Liabilities,12134.2,6194.3,15688.6,14926.4,13007.4,13132.4,153910.0,10016.7,9734.0,10307.3,14539.3,,,,,,,,,,,,,,,
,,,,,,,,,1. Sundry Creditors,3509.1,751.1,207.1,6934.2,393.3,1943.2,17305.1,1627.9,3.5,419.0,0.0,,,,,,,,,,,,,,,
,,,,,,,,,2. Loan Loss Provision,2247.3,1759.5,7837.1,2252.6,1922.6,2598.8,58467.8,4583.6,1937.3,1919.4,2141.5,,,,,,,,,,,,,,,
,,,,,,,,,3. Interest Suspense a/c,191.6,603.4,1487.2,3369.7,378.5,916.2,15555.6,410.5,2827.3,3919.6,2382.3,,,,,,,,,,,,,,,
,,,,,,,,,4. Others,6186.1,3080.3,6157.2,2369.9,10312.9,7674.1,62581.5,3394.7,4965.9,4049.3,10015.5,,,,,,,,,,,,,,,
,,,,,,,,,6   Reconcillation A/c,1474006.1,2.8,0.0,0.0,0.0,0.0,0.0,0.0,(200.3),0.0,0.0,,,,,,,,,,,,,,,
,,,,,,,,,7   Profit & Loss A/c,4825.6,2166.4,738.1,1564.2,3439.5,2761.5,17564.9,2233.7,1223.1,1089.0,810.8,,,,,,,,,,,,,,,
,,,,,,,,,TOTAL LIABILITIES,1694639.3,89092.2,215061.6,211850.7,215752.0,248044.2,632062.9,182380.6,186740.9,223880.8,167431.4,,,,,,,,,,,,,,,
,,,,,,,,,a. Paid-up Capital,13115.5,13000.0,16272.0,14850.0,16135.2,15610.5,94375.0,15000.0,20000.0,22457.5,18824.6,,,,,,,,,,,,,,,
,,,,,,,,,b. Calls in Advance,0.0,0.0,0.0,0.0,0.0,0.0,0.0,0.0,0.0,0.0,0.0,,,,,,,,,,,,,,,
,,,,,,,,,c. General Reserves,2832.6,2529.0,1273.1,2354.4,1550.0,1665.5,13294.4,321.1,688.4,991.4,547.7,,,,,,,,,,,,,,,
,,,,,,,,,d. Share Premium,418.7,52.8,0.0,44.4,130.7,0.0,0.0,150.5,429.7,0.0,190.3,,,,,,,,,,,,,,,
,,,,,,,,,e. Retained Earning,20.9,(1790.5),98.2,222.0,170.4,446.9,(43916.7),19.3,271.1,655.9,64.4,,,,,,,,,,,,,,,
,,,,,,,,,f. Others Reserves Fund,854.7,429.7,0.0,2172.4,1045.3,749.5,44830.1,3.0,45.5,0.0,0.7,,,,,,,,,,,,,,,
,,,,,,,,,g.  Exchange Fluctuation Fund,134.2,16.7,91.9,63.8,96.5,66.7,92.2,139.3,8.1,0.0,46.8,,,,,,,,,,,,,,,
,,,,,,,,,2   BORROWINGS,12502.0,215.0,9900.0,13390.1,3500.0,10018.5,25457.0,10375.8,21450.0,17128.4,716.5,,,,,,,,,,,,,,,
,,,,,,,,,a. NRB,9069.0,0.0,9400.0,0.0,0.0,7000.0,1233.4,10000.0,8500.0,9600.0,0.0,,,,,,,,,,,,,,,
,,,,,,,,,"b. ""A""Class Licensed Institution",1433.0,215.0,500.0,9390.1,0.0,0.0,0.0,375.8,12950.0,7528.4,716.5,,,,,,,,,,,,,,,
,,,,,,,,,c. Foreign Banks and Fin. Ins.,0.0,0.0,0.0,0.0,0.0,290.8,0.0,0.0,0.0,0.0,0.0,,,,,,,,,,,,,,,
,,,,,,,,,d. Other Financial Ins.,0.0,0.0,0.0,0.0,0.0,450.0,1223.6,0.0,0.0,0.0,0.0,,,,,,,,,,,,,,,
,,,,,,,,,e. Bonds and Securities,2000.0,0.0,0.0,4000.0,3500.0,2277.7,23000.0,0.0,0.0,0.0,0.0,,,,,,,,,,,,,,,
,,,,,,,,,3   DEPOSITS,173764.6,66246.1,170852.9,162136.3,176621.7,203472.8,326456.0,144040.1,133049.2,171220.6,131489.5,,,,,,,,,,,,,,,
,,,,,,,,,a. Current,11273.1,2316.4,4826.7,6812.8,5906.9,4533.1,21466.6,6922.4,4774.6,4502.2,1990.7,,,,,,,,,,,,,,,
,,,,,,,,,Domestic,11062.3,2163.2,4559.5,6451.0,5325.8,3872.2,21466.6,5717.5,3132.9,4436.6,1975.8,,,,,,,,,,,,,,,
,,,,,,,,,Foreign,210.8,153.2,267.2,361.8,581.1,660.9,0.0,1205.0,1641.7,65.5,14.8,,,,,,,,,,,,,,,
,,,,,,,,,b. Savings,38501.6,19903.7,69599.0,66101.5,41683.3,30269.5,163201.8,38208.0,32694.6,20925.4,24888.3,,,,,,,,,,,,,,,
,,,,,,,,,Domestic,37957.7,19736.2,69230.0,64944.4,40091.9,29972.7,163201.8,37519.0,32480.2,20843.0,24854.1,,,,,,,,,,,,,,,
,,,,,,,,,Foreign,543.9,167.6,369.0,1157.1,1591.3,296.8,0.0,689.1,214.4,82.4,34.2,,,,,,,,,,,,,,,
,,,,,,,,,c. Fixed,95598.6,35708.5,64073.3,65912.0,97614.9,112166.0,140611.5,66316.2,60589.0,75397.2,80492.9,,,,,,,,,,,,,,,
,,,,,,,,,Domestic,88155.8,35572.4,60817.7,58303.0,85525.4,104649.4,140611.5,64392.8,53389.6,70456.8,66061.1,,,,,,,,,,,,,,,
,,,,,,,,,Foreign,7442.8,136.1,3255.7,7609.0,12089.5,7516.6,0.0,1923.4,7199.4,4940.4,14431.8,,,,,,,,,,,,,,,
,,,,,,,,,d. Call Deposits,27044.4,7805.9,31210.9,21406.1,28747.7,54686.8,1176.0,29835.1,34378.8,69501.9,23540.9,,,,,,,,,,,,,,,
,,,,,,,,,e. Others,1346.9,511.5,1143.0,1903.9,2668.9,1817.4,0.0,2758.3,612.1,894.0,576.8,,,,,,,,,,,,,,,
,,,,,,,,,4   Bills Payable,30.1,30.0,146.8,126.7,55.3,119.9,0.0,81.2,42.0,30.6,200.8,,,,,,,,,,,,,,,
,,,,,,,,,5   Other Liabilities,12134.2,6194.3,15688.6,14926.4,13007.4,13132.4,153910.0,10016.7,9734.0,10307.3,14539.3,,,,,,,,,,,,,,,
,,,,,,,,,1. Sundry Creditors,3509.1,751.1,207.1,6934.2,393.3,1943.2,17305.1,1627.9,3.5,419.0,0.0,,,,,,,,,,,,,,,
,,,,,,,,,2. Loan Loss Provision,2247.3,1759.5,7837.1,2252.6,1922.6,2598.8,58467.8,4583.6,1937.3,1919.4,2141.5,,,,,,,,,,,,,,,
,,,,,,,,,3. Interest Suspense a/c,191.6,603.4,1487.2,3369.7,378.5,916.2,15555.6,410.5,2827.3,3919.6,2382.3,,,,,,,,,,,,,,,
,,,,,,,,,4. Others,6186.1,3080.3,6157.2,2369.9,10312.9,7674.1,62581.5,3394.7,4965.9,4049.3,10015.5,,,,,,,,,,,,,,,
,,,,,,,,,6   Reconcillation A/c,1474006.1,2.8,0.0,0.0,0.0,0.0,0.0,0.0,(200.3),0.0,0.0,,,,,,,,,,,,,,,
,,,,,,,,,7   Profit & Loss A/c,4825.6,2166.4,738.1,1564.2,3439.5,2761.5,17564.9,2233.7,1223.1,1089.0,810.8,,,,,,,,,,,,,,,
,,,,,,,,,TOTAL LIABILITIES,1694639.3,89092.2,215061.6,211850.7,215752.0,248044.2,632062.9,182380.6,186740.9,223880.8,167431.4,,,,,,,,,,,,,,,
,,,,,,,3 Over 2,,,,,,,,,,,,,,4 Over 3,,,,,,,,,,,,,,
,,,1.0,2.0,3.0,4.0,,,,,,,,,,,,,,,,,,,,,,,,,,,,,
,Overall Index,100.0,109.92,114.83,119.59,125.14,4.15,,,,,,,,,,,,,,4.64,,,,,,,,,,,,,,
,Food and Beverage,43.91,110.91,113.03,116.13,119.72,2.74,,,,,,,,,,,,,,3.09,,,,,,,,,,,,,,
,Cereal grains and their products,11.33,109.19,111.09,113.83,119.91,2.47,,,,,,,,,,,,,,5.34,,,,,,,,,,,,,,
,Pulses and Legumes,1.84,132.65,125.36,95.23,89.09,-24.03,,,,,,,,,,,,,,-6.45,,,,,,,,,,,,,,
,Vegetable,5.52,110.28,107.5,119.74,116.32,11.39,,,,,,,,,,,,,,-2.86,,,,,,,,,,,,,,
,Meat and Fish,6.75,109.78,112.37,114.87,120.02,2.22,,,,,,,,,,,,,,4.48,,,,,,,,,,,,,,
,Milk products and Eggs,5.24,109.95,113.95,121.9,124.91,6.98,,,,,,,,,,,,,,2.47,,,,,,,,,,,,,,
,Ghee and Oil,2.95,119.45,112.34,115.06,122.36,2.42,,,,,,,,,,,,,,6.34,,,,,,,,,,,,,,
,Fruit,2.08,106.53,110.56,114.73,121.86,3.77,,,,,,,,,,,,,,6.21,,,,,,,,,,,,,,
,Sugar and Sugar products,1.74,107.26,123.16,122.33,118.24,-0.67,,,,,,,,,,,,,,-3.34,,,,,,,,,,,,,,
,Spices,1.21,113.47,119.93,114.02,120.37,-4.93,,,,,,,,,,,,,,5.57,,,,,,,,,,,,,,
,Non-alcoholic drinks,1.24,104.71,108.5,111.71,115.96,2.96,,,,,,,,,,,,,,3.8,,,,,,,,,,,,,,
,Alcoholic drinks,0.68,112.88,126.14,135.78,150.56,7.64,,,,,,,,,,,,,,10.89,,,,,,,,,,,,,,
,Tobacco products,0.41,107.6,111.55,117.54,129.78,5.37,,,,,,,,,,,,,,10.41,,,,,,,,,,,,,,
,Restaurant and Hotel,2.92,109.32,117.08,122.77,128.73,4.86,,,,,,,,,,,,,,4.85,,,,,,,,,,,,,,
,Non-food and Services,56.09,109.16,116.27,122.38,129.55,5.26,,,,,,,,,,,,,,5.86,,,,,,,,,,,,,,
,Clothes and Footwear,7.19,114.18,124.68,132.08,141.0,5.94,,,,,,,,,,,,,,6.75,,,,,,,,,,,,,,
,Housing and Utilities,20.3,112.71,122.0,130.32,140.33,6.82,,,,,,,,,,,,,,7.68,,,,,,,,,,,,,,
,Furnishing and Household equipment,4.3,106.27,112.94,117.16,123.85,3.74,,,,,,,,,,,,,,5.71,,,,,,,,,,,,,,
,Health,3.47,102.58,105.3,107.65,110.06,2.23,,,,,,,,,,,,,,2.24,,,,,,,,,,,,,,
,Transportation,5.34,102.02,100.92,102.86,109.3,1.92,,,,,,,,,,,,,,6.26,,,,,,,,,,,,,,
,Communication,2.82,105.11,104.86,105.38,103.81,0.5,,,,,,,,,,,,,,-1.49,,,,,,,,,,,,,,
,Recreation and Culture,2.46,104.26,107.47,111.9,116.91,4.12,,,,,,,,,,,,,,4.48,,,,,,,,,,,,,,
,Education,7.41,110.07,120.9,130.62,137.15,8.04,,,,,,,,,,,,,,5,,,,,,,,,,,,,,
,Miscellaneous goods and services,2.81,104.46,113.83,118.07,124.42,3.72,,,,,,,,,,,,,,5.38,,,,,,,,,,,,,,
,,,,,,,,,,,,,,,,,,,,,,,,,,,,,,,,,,,
,CPI : Kathmandu Valley ( 3 Dristricts),,,,,,,,,,,,,,,,,,,,,,,,,,,,,,,,,,
,Overall Index,100.0,111.59,115.01,118.75,124.52,3.25,,,,,,,,,,,,,,4.86,,,,,,,,,,,,,,
,Food and Beverage,39.77,113.33,114.97,118.65,122.53,3.2,,,,,,,,,,,,,,3.27,,,,,,,,,,,,,,
,Non-food and Services,60.23,110.45,115.04,118.82,125.85,3.29,,,,,,,,,,,,,,5.92,,,,,,,,,,,,,,
,,,,,,,,,,,,,,,,,,,,,,,,,,,,,,,,,,,
,CPI : Terai (19),,,,,,,,,,,,,,,,,,,,,,,,,,,,,,,,,,
,Overall Index,100.0,108.62,113.37,118.35,123.39,4.39,,,,,,,,,,,,,,4.26,,,,,,,,,,,,,,
,Food and Beverage,44.14,109.72,111.4,114.27,116.83,2.58,,,,,,,,,,,,,,2.24,,,,,,,,,,,,,,
,Non-food and Services,55.86,107.76,114.95,121.69,128.83,5.86,,,,,,,,,,,,,,5.87,,,,,,,,,,,,,,
,,,,,,,,,,,,,,,,,,,,,,,,,,,,,,,,,,,
,CPI : Hill (25 Districts),,,,,,,,,,,,,,,,,,,,,,,,,,,,,,,,,,
,Overall Index,100.0,110.42,117.46,122.85,128.99,4.59,,,,,,,,,,,,,,5.0,,,,,,,,,,,,,,
,Food and Beverage,46.88,110.78,114.16,116.7,121.75,2.22,,,,,,,,,,,,,,4.33,,,,,,,,,,,,,,
,Non-food and Services,53.12,110.1,120.48,128.55,135.74,6.7,,,,,,,,,,,,,,5.59,,,,,,,,,,,,,,
,,,,,,,,,,,,,,,,,,,,,,,,,,,,,,,,,,,
,CPI : Mountain (5 Districts),,,,,,,,,,,,,,,,,,,,,,,,,,,,,,,,,,
,Overall Index,100.0,108.77,113.2,119.83,125.71,5.86,,,,,,,,,,,,,,4.91,,,,,,,,,,,,,,
,Food and Beverage,59.53,108.53,111.42,116.96,120.68,4.97,,,,,,,,,,,,,,3.18,,,,,,,,,,,,,,
,Non-food and Services,40.47,109.12,115.87,124.17,133.51,7.16,,,,,,,,,,,,,,7.52,,,,,,,,,,,,,,
,,,,,,,,,,,,,,,,,,,,,,,,,,,,,,,,,,,
,,,,,,,,,,,,,,,,,,,,,,Salapa Bikas,Fixed Deposit-1Y&above,8.50%,0.0,1 year,,,,,,,,,
,,,,,,,,,,,,,,,,,,,,,,Salapa Bikas Bank,,,,,,,,,,,,,
,,,,,,,,,,,,,,,,,,,,,,Pokhara Finan.,Fixed Deposit-3Y&above,8.00%,0.0,3 years,,,,,,,,,
,,,,,,,,,,,,,,,,,,,,,,Pokhara Finance,,,,,,,,,,,,,
,,,,,,,,,,,,,,,,,,,,,,Nepal Finance,Fixed Deposit-Above2Y,8.00%,0.0,2.08 years,,,,,,,,,
,,,,,,,,,,,,,,,,,,,,,,Nepal Finance Co.,,,,,,,,,,,,,
,,,,,,,,,,,,,,,,,,,,,,Salapa Bikas,Fixed Deposit-3Mto6M,8.00%,0.0,3 months,,,,,,,,,
,,,,,,,,,,,,,,,,,,,,,,Salapa Bikas Bank,,,,,,,,,,,,,
,,,,,,,,,,,,,,,,,,,,,,Samriddhi Fin,Fixed Deposit-5Y&above,7.85%,0.0,5.08 years,,,,,,,,,
,,,,,,,,,,,,,,,,,,,,,,Samriddhi Finance Co.,,,,,,,,,,,,,
,,,,,,,,,,,,,,,,,,,,,,Janaki Finan.,Fixed Deposit-2Y&above,7.80%,0.0,2 years,,,,,,,,,
,,,,,,,,,,,,,,,,,,,,,,Janaki Finance Co.,,,,,,,,,,,,,
,,,,,,,,,,,,,,,,,,,,,,Guheshwori,Fixed Deposit-5Y&above,7.75%,0.0,5 years,,,,,,,,,
,,,,,,,,,,,,,,,,,,,,,,Guheshwori Finance,,,,,,,,,,,,,
,,,,,,,,,,,,,,,,,,,,,,Reliance Fin.,Fixed Deposit-Above3Y,7.75%,0.0,3.08 years,,,,,,,,,
,,,,,,,,,,,,,,,,,,,,,,Reliance Finance Ltd.,,,,,,,,,,,,,
,,,,,,,,,,,,,,,,,,,,,,Samriddhi Fin,Fixed Deposit-3Yto5Y,7.75%,0.0,3 years,,,,,,,,,
,,,,,,,,,,,,,,,,,,,,,,Samriddhi Finance Co.,,,,,,,,,,,,,
,,,,,,,,,,,,,,,,,,,,,,Samriddhi Fin,Fixed Deposit-2Yto3Y,7.70%,0.0,2 years,,,,,,,,,
,,,,,,,,,,,,,,,,,,,,,,Samriddhi Finance Co.,,,,,,,,,,,,,
,,,,,,,,,,,,,,,,,,,,,,Corporate Dev,Fixed Deposit-10M,7.50%,0.0,10 months,,,,,,,,,
,,,,,,,,,,,,,,,,,,,,,,Corporate Bikas Bank,,,,,,,,,,,,,
,,,,,,,,,,,,,,,,,,,,,,Nepal Finance,Fixed Deposit-1Yto2Y,7.50%,0.0,1 year,,,,,,,,,
,,,,,,,,,,,,,,,,,,,,,,Nepal Finance Co.,,,,,,,,,,,,,
,,,,,,,,,,,,,,,,,,,,,,Samriddhi Fin,Fixed Deposit-1Yto2Y,7.50%,0.0,1 year,,,,,,,,,
,,,,,,,,,,,,,,,,,,,,,,Samriddhi Finance Co.,,,,,,,,,,,,,
,,,,,,,,,,,,,,,,,,,,,,Multipurpose,Fixed Deposit-2Y&above,7.50%,0.0,2 years,,,,,,,,,
,,,,,,,,,,,,,,,,,,,,,,Multipurpose Finance,,,,,,,,,,,,,
,,,,,,,,,,,,,,,,,,,,,,Narayani Dev.,Fixed Deposit-1Y&above,7.25%,0.0,1 year,,,,,,,,,
,,,,,,,,,,,,,,,,,,,,,,Narayani Bikas Bank,,,,,,,,,,,,,
,,,,,,,,,,,,,,,,,,,,,,Sindhu Bikas,Fixed Deposit-1Y&above,7.11%,0.0,1 year,,,,,,,,,
,,,,,,,,,,,,,,,,,,,,,,Sindhu Bikas Bank,,,,,,,,,,,,,
,,,,,,,,,,,,,,,,,,,,,,Corporate Dev,Fixed Deposit-6Mto2Y,7.10%,0.0,6 months,,,,,,,,,
,,,,,,,,,,,,,,,,,,,,,,Corporate Bikas Bank,,,,,,,,,,,,,
,,,,,,,,,,,,,,,,,,,,,,Corporate Dev,Fixed Deposit-Upto2Y,7.00%,0.0,3 months,,,,,,,,,
,,,,,,,,,,,,,,,,,,,,,,Corporate Bikas Bank,,,,,,,,,,,,,
,,,,,,,,,,,,,,,,,,,,,,Green Develop.,Fixed Deposit-2Y&above,7.00%,0.0,2 years,,,,,,,,,
,,,,,,,,,,,,,,,,,,,,,,Green Dev. Bank,,,,,,,,,,,,,
,,,,,,,,,,,,,,,,,,,,,,Janaki Finan.,Fixed Deposit-1Y,7.00%,0.0,1 year,,,,,,,,,
,,,,,,,,,,,,,,,,,,,,,,Janaki Finance Co.,,,,,,,,,,,,,
,,,,,,,,,,,,,,,,,,,,,,Pokhara Finan.,Fixed Deposit-2Yto<3Y,7.00%,0.0,2 years,,,,,,,,,
,,,,,,,,,,,,,,,,,,,,,,Pokhara Finance,,,,,,,,,,,,,
,,,,,,,,,,,,,,,,,,,,,,Manjushree,Fixed Deposit-5Y&above,7.00%,0.0,5 years,,,,,,,,,
,,,,,,,,,,,,,,,,,,,,,,Manjushree Finance,,,,,,,,,,,,,
,,,,,,,,,,,,,,,,,,,,,,ICFC Finance,Fixed Deposit-5Y&above,7.00%,0.0,5.08 years,,,,,,,,,
,,,,,,,,,,,,,,,,,,,,,,ICFC Finance Ltd,,,,,,,,,,,,,
,,,,,,,,,,,,,,,,,,,,,,Central Fin,Fixed Deposit-3Y,7.00%,0.0,3 years,,,,,,,,,
,,,,,,,,,,,,,,,,,,,,,,Central Finance Ltd,,,,,,,,,,,,,
,,,,,,,,,,,,,,,,,,,,,,Narayani Dev.,Fixed Deposit-6Mto1Y,7.00%,0.0,6 months,,,,,,,,,
,,,,,,,,,,,,,,,,,,,,,,Narayani Bikas Bank,,,,,,,,,,,,,
,,,,,,,,,,,,,,,,,,,,,,Nepal Finance,Fixed Deposit-9M,6.75%,0.0,9 months,,,,,,,,,
,,,,,,,,,,,,,,,,,,,,,,Nepal Finance Co.,,,,,,,,,,,,,
,,,,,,,,,,,,,,,,,,,,,,Central Fin,Fixed Deposit-2Y,6.75%,0.0,2 years,,,,,,,,,
,,,,,,,,,,,,,,,,,,,,,,Central Finance Ltd,,,,,,,,,,,,,
,,,,,,,,,,,,,,,,,,,,,,Gurkhas Finan,Fixed Deposit-2Y&above,6.75%,0.0,2 years,,,,,,,,,
,,,,,,,,,,,,,,,,,,,,,,Gurkhas Finance Ltd,,,,,,,,,,,,,
,,,,,,,,,,,,,,,,,,,,,,Progressive,Fixed Deposit-3Y&above,6.75%,0.0,3 years,,,,,,,,,
,,,,,,,,,,,,,,,,,,,,,,Progressive Fin. Co.,,,,,,,,,,,,,
,,,,,,,,,,,,,,,,,,,,,,Reliance Fin.,Fixed Deposit->2Yto3Y,6.75%,0.0,2.08 years,,,,,,,,,
,,,,,,,,,,,,,,,,,,,,,,Reliance Finance Ltd.,,,,,,,,,,,,,
,,,,,,,,,,,,,,,,,,,,,,Multipurpose,Fixed Deposit-1Y,6.75%,0.0,1 year,,,,,,,,,
,,,,,,,,,,,,,,,,,,,,,,Multipurpose Finance,,,,,,,,,,,,,
,,,,,,,,,,,,,,,,,,,,,,Goodwill Finan.,Fixed Deposit-3Y&above,6.75%,0.0,3 years,,,,,,,,,
,,,,,,,,,,,,,,,,,,,,,,Goodwill Finance Co.,,,,,,,,,,,,,
,,,,,,,,,,,,,,,,,,,,,,Pokhara Finan.,Fixed Deposit-1Yto<2Y,6.70%,0.0,1 year,,,,,,,,,
,,,,,,,,,,,,,,,,,,,,,,Pokhara Finance,,,,,,,,,,,,,
,,,,,,,,,,,,,,,,,,,,,,Best Finance,Fixed Deposit-5Y&above,6.65%,0.0,5.08 years,,,,,,,,,
,,,,,,,,,,,,,,,,,,,,,,Best Finance Co.,,,,,,,,,,,,,
,,,,,,,,,,,,,,,,,,,,,,Green Develop.,Fixed Deposit-1Yto<2Y,6.60%,0.0,1 year,,,,,,,,,
,,,,,,,,,,,,,,,,,,,,,,Green Dev. Bank,,,,,,,,,,,,,
,,,,,,,,,,,,,,,,,,,,,,Gurkhas Finan,Fixed Deposit-1Yto<2Y,6.60%,0.0,1 year,,,,,,,,,
,,,,,,,,,,,,,,,,,,,,,,Gurkhas Finance Ltd,,,,,,,,,,,,,
,,,,,,,,,,,,,,,,,,,,,,NMB Bank,Fixed Deposit-Above5Y,6.60%,0.0,5.08 years,,,,,,,,,
,,,,,,,,,,,,,,,,,,,,,,NMB Bank,,,,,,,,,,,,,
,,,,,,,,,,,,,,,,,,,,,,Pokhara Finan.,Fixed Deposit-270 days,6.60%,0.0,9 months,,,,,,,,,
,,,,,,,,,,,,,,,,,,,,,,Pokhara Finance,,,,,,,,,,,,,
,,,,,,,,,,,,,,,,,,,,,,Manjushree,Fixed Deposit-3Yto<5Y,6.60%,0.0,3 years,,,,,,,,,
,,,,,,,,,,,,,,,,,,,,,,Manjushree Finance,,,,,,,,,,,,,
,,,,,,,,,,,,,,,,,,,,,,NIC Asia,Fixed Deposit-5Y&above,6.60%,0.0,5 years,,,,,,,,,
,,,,,,,,,,,,,,,,,,,,,,NIC ASIA Bank,,,,,,,,,,,,,
,,,,,,,,,,,,,,,,,,,,,,Miteri Bikas,Fixed Deposit->2Y,6.50%,0.0,2.08 years,,,,,,,,,
,,,,,,,,,,,,,,,,,,,,,,Miteri Bikas Bank,,,,,,,,,,,,,
,,,,,,,,,,,,,,,,,,,,,,Corporate Dev,Fixed Deposit,6.50%,0.0,3 months,,,,,,,,,
,,,,,,,,,,,,,,,,,,,,,,Corporate Bikas Bank,,,,,,,,,,,,,
,,,,,,,,,,,,,,,,,,,,,,Corporate Dev,SuperFD-5Y&above,6.50%,1.0,5.08 years,,,,,,,,,
,,,,,,,,,,,,,,,,,,,,,,Corporate Bikas Bank,,,,,,,,,,,,,
,,,,,,,,,,,,,,,,,,,,,,Garima Bikas,Fixed Deposit-2Y&above,6.50%,0.0,2 years,,,,,,,,,
,,,,,,,,,,,,,,,,,,,,,,Garima Bikas Bank,,,,,,,,,,,,,
,,,,,,,,,,,,,,,,,,,,,,Mahalaxmi,Fixed Deposit-3Y&above,6.50%,0.0,3 years,,,,,,,,,
,,,,,,,,,,,,,,,,,,,,,,Mahalaxmi Bikas Bank,,,,,,,,,,,,,
,,,,,,,,,,,,,,,,,,,,,,Lumbini Bikas,Fixed Deposit->2Y,6.50%,0.0,2.08 years,,,,,,,,,
,,,,,,,,,,,,,,,,,,,,,,Lumbini Bikas Bank,,,,,,,,,,,,,
,,,,,,,,,,,,,,,,,,,,,,Shree Invest,Fixed Deposit-2Y&above,6.50%,0.0,2 years,,,,,,,,,
,,,,,,,,,,,,,,,,,,,,,,Shree Invest &Finance,,,,,,,,,,,,,
,,,,,,,,,,,,,,,,,,,,,,Best Finance,Fixed Deposit->3Yto5Y,6.50%,0.0,3.08 years,,,,,,,,,
,,,,,,,,,,,,,,,,,,,,,,Best Finance Co.,,,,,,,,,,,,,
,,,,,,,,,,,,,,,,,,,,,,Progressive,Fixed Deposit-2Yto3Y,6.50%,0.0,2 years,,,,,,,,,
,,,,,,,,,,,,,,,,,,,,,,Progressive Fin. Co.,,,,,,,,,,,,,
,,,,,,,,,,,,,,,,,,,,,,Pokhara Finan.,Fixed Deposit-180 Days,6.50%,0.0,6 months,,,,,,,,,
,,,,,,,,,,,,,,,,,,,,,,Pokhara Finance,,,,,,,,,,,,,
,,,,,,,,,,,,,,,,,,,,,,Reliance Fin.,Fixed Deposit-1Yto2Y,6.50%,0.0,1 year,,,,,,,,,
,,,,,,,,,,,,,,,,,,,,,,Reliance Finance Ltd.,,,,,,,,,,,,,
,,,,,,,,,,,,,,,,,,,,,,Shangrila Dev.,Fixed Deposit-2Y&above,6.50%,0.0,2 years,,,,,,,,,
,,,,,,,,,,,,,,,,,,,,,,Shangrila Bikas Bank,,,,,,,,,,,,,
,,,,,,,,,,,,,,,,,,,,,,Narayani Dev.,Fixed Deposit-3Mto5M,6.50%,0.0,3 months,,,,,,,,,
,,,,,,,,,,,,,,,,,,,,,,Narayani Bikas Bank,,,,,,,,,,,,,
,,,,,,,,,,,,,,,,,,,,,,Central Fin,Fixed Deposit-1 to < 2 year,6.50%,0.0,1 year,,,,,,,,,
,,,,,,,,,,,,,,,,,,,,,,Central Finance Ltd,,,,,,,,,,,,,
,,,,,,,,,,,,,,,,,,,,,,ICFC Finance,Fixed Deposit-2Yto<5Y,6.50%,0.0,2 years,,,,,,,,,
,,,,,,,,,,,,,,,,,,,,,,ICFC Finance Ltd,,,,,,,,,,,,,
,,,,,,,,,,,,,,,,,,,,,,Goodwill Finan.,Fixed Deposit-2Y,6.50%,0.0,2 years,,,,,,,,,
,,,,,,,,,,,,,,,,,,,,,,Goodwill Finance Co.,,,,,,,,,,,,,
,,,,,,,,,,,,,,,,,,,,,,Guheshwori,Fixed Deposit-3Yto<5Y,6.50%,0.0,3 years,,,,,,,,,
,,,,,,,,,,,,,,,,,,,,,,Guheshwori Finance,,,,,,,,,,,,,
,,,,,,,,,,,,,,,,,,,,,,Nepal Finance,Fixd Desposit-6M,6.50%,0.0,6 months,,,,,,,,,
,,,,,,,,,,,,,,,,,,,,,,Nepal Finance Co.,,,,,,,,,,,,,
,,,,,,,,,,,,,,,,,,,,,,Excel Bikas,Fixed Deposit-3Yto5Y,6.50%,0.0,3 years,,,,,,,,,
,,,,,,,,,,,,,,,,,,,,,,Excel Bikas Bank,,,,,,,,,,,,,
,,,,,,,,,,,,,,,,,,,,,,Muktinath,Fixed Deposit->2Yto10Y,6.50%,0.0,2.08 years,,,,,,,,,
,,,,,,,,,,,,,,,,,,,,,,Muktinath Bikas Bank,,,,,,,,,,,,,
,,,,,,,,,,,,,,,,,,,,,,NIMB,Fixed Deposit-Above2Y,6.50%,0.0,2.08 years,,,,,,,,,
,,,,,,,,,,,,,,,,,,,,,,Nepal Investment Mega Bank,,,,,,,,,,,,,
,,,,,,,,,,,,,,,,,,,,,,Kamana Sewa,Fixed Deposit-2Y&above,6.50%,0.0,2 years,,,,,,,,,
,,,,,,,,,,,,,,,,,,,,,,Kamana Sewa B.Bank,,,,,,,,,,,,,
,,,,,,,,,,,,,,,,,,,,,,Jyoti Bikas,Fixed Deposit-3Y&above,6.50%,0.0,3.08 years,,,,,,,,,
,,,,,,,,,,,,,,,,,,,,,,Jyoti Bikas Bank,,,,,,,,,,,,,
,,,,,,,,,,,,,,,,,,,,,,Shine Resunga,Fixed Deposit-5Y&above,6.50%,0.0,5 years,,,,,,,,,
,,,,,,,,,,,,,,,,,,,,,,Shine Resunga BB,,,,,,,,,,,,,
,,,,,,,,,,,,,,,,,,,,,,Janaki Finan.,Fixed Deposit- 9 Month,6.45%,0.0,9 months,,,,,,,,,
,,,,,,,,,,,,,,,,,,,,,,Janaki Finance Co.,,,,,,,,,,,,,
,,,,,,,,,,,,,,,,,,,,,,Best Finance,Fixed Deposit->2Yto3Y,6.40%,0.0,2.08 years,,,,,,,,,
,,,,,,,,,,,,,,,,,,,,,,Best Finance Co.,,,,,,,,,,,,,
,,,,,,,,,,,,,,,,,,,,,,Gurkhas Finan,Fixed Deposit- 9M,6.35%,0.0,9 months,,,,,,,,,
,,,,,,,,,,,,,,,,,,,,,,Gurkhas Finance Ltd,,,,,,,,,,,,,
,,,,,,,,,,,,,,,,,,,,,,Progressive,Fixed Deposit-1Yto<2Y,6.35%,0.0,1 year,,,,,,,,,
,,,,,,,,,,,,,,,,,,,,,,Progressive Fin. Co.,,,,,,,,,,,,,
,,,,,,,,,,,,,,,,,,,,,,Corporate Dev,General Fixed Deposit,6.25%,0.0,3 months,,,,,,,,,
,,,,,,,,,,,,,,,,,,,,,,Corporate Bikas Bank,,,,,,,,,,,,,
,,,,,,,,,,,,,,,,,,,,,,SCB,Fixed Deposit-5Y,6.25%,0.0,5 years,,,,,,,,,
,,,,,,,,,,,,,,,,,,,,,,Standard Chartered Bank,,,,,,,,,,,,,
,,,,,,,,,,,,,,,,,,,,,,Best Finance,Fixed Deposit->1Yto2Y,6.25%,0.0,1.08 years,,,,,,,,,
,,,,,,,,,,,,,,,,,,,,,,Best Finance Co.,,,,,,,,,,,,,
,,,,,,,,,,,,,,,,,,,,,,Guheshwori,Fixed Deposit-2Yto<3Y,6.25%,0.0,2 years,,,,,,,,,
,,,,,,,,,,,,,,,,,,,,,,Guheshwori Finance,,,,,,,,,,,,,
,,,,,,,,,,,,,,,,,,,,,,Shine Resunga,Fixed Deposit-4Yto<5Y,6.25%,0.0,4 years,,,,,,,,,
,,,,,,,,,,,,,,,,,,,,,,Shine Resunga BB,,,,,,,,,,,,,
,,,,,,,,,,,,,,,,,,,,,,Himalayan,Fixed Deposit->5Yto10Y,6.25%,0.0,5.08 years,,,,,,,,,
,,,,,,,,,,,,,,,,,,,,,,Himalayan Bank,,,,,,,,,,,,,
,,,,,,,,,,,,,,,,,,,,,,Multipurpose,Fixed Deposit-9M,6.25%,0.0,9 months,,,,,,,,,
,,,,,,,,,,,,,,,,,,,,,,Multipurpose Finance,,,,,,,,,,,,,
,,,,,,,,,,,,,,,,,,,,,,Nepal Finance,Fixed Deposit-3M,6.25%,0.0,3 months,,,,,,,,,
,,,,,,,,,,,,,,,,,,,,,,Nepal Finance Co.,,,,,,,,,,,,,
,,,,,,,,,,,,,,,,,,,,,,Manjushree,Fixed Deposit-2Yto<3Y,6.25%,0.0,2 years,,,,,,,,,
,,,,,,,,,,,,,,,,,,,,,,Manjushree Finance,,,,,,,,,,,,,
,,,,,,,,,,,,,,,,,,,,,,Prime Bank,Fixed Deposit-Above1Y,6.25%,0.0,1.08 years,,,,,,,,,
,,,,,,,,,,,,,,,,,,,,,,Prime Commercial Bank,,,,,,,,,,,,,
,,,,,,,,,,,,,,,,,,,,,,Sindhu Bikas,Fixed Deposit-6Mto<1Y,6.21%,0.0,6 months,,,,,,,,,
,,,,,,,,,,,,,,,,,,,,,,Sindhu Bikas Bank,,,,,,,,,,,,,
,,,,,,,,,,,,,,,,,,,,,,Gurkhas Finan,Fixed Deposit-6M,6.20%,0.0,6 months,,,,,,,,,
,,,,,,,,,,,,,,,,,,,,,,Gurkhas Finance Ltd,,,,,,,,,,,,,
,,,,,,,,,,,,,,,,,,,,,,Janaki Finan.,Fixed Deposit-6m,6.20%,0.0,6 months,,,,,,,,,
,,,,,,,,,,,,,,,,,,,,,,Janaki Finance Co.,,,,,,,,,,,,,
,,,,,,,,,,,,,,,,,,,,,,Prabhu Bank,Fixed Deposit-Above5Y,6.10%,0.0,5.08 years,,,,,,,,,
,,,,,,,,,,,,,,,,,,,,,,Prabhu Bank,,,,,,,,,,,,,
,,,,,,,,,,,,,,,,,,,,,,Green Develop.,Fixed Deposit-6M,6.05%,0.0,6 months,,,,,,,,,
,,,,,,,,,,,,,,,,,,,,,,Green Dev. Bank,,,,,,,,,,,,,
,,,,,,,,,,,,,,,,,,,,,,Sanima Bank,Fixed Deposit-Above3Y,6.05%,0.0,3.08 years,,,,,,,,,
,,,,,,,,,,,,,,,,,,,,,,Sanima Bank,,,,,,,,,,,,,
,,,,,,,,,,,,,,,,,,,,,,Miteri Bikas,Fixed Deposit-1Yto2Y,6.00%,0.0,1 year,,,,,,,,,
,,,,,,,,,,,,,,,,,,,,,,Miteri Bikas Bank,,,,,,,,,,,,,
,,,,,,,,,,,,,,,,,,,,,,Gurkhas Finan,Fixed Deposit 3M,6.00%,0.0,3 months,,,,,,,,,
,,,,,,,,,,,,,,,,,,,,,,Gurkhas Finance Ltd,,,,,,,,,,,,,
,,,,,,,,,,,,,,,,,,,,,,Goodwill Finan.,Fixed Deposit-1Y,6.00%,0.0,1 year,,,,,,,,,
,,,,,,,,,,,,,,,,,,,,,,Goodwill Finance Co.,,,,,,,,,,,,,
,,,,,,,,,,,,,,,,,,,,,,RBB,Fixed Deposit-2Y&above,6.00%,0.0,2 years,,,,,,,,,
,,,,,,,,,,,,,,,,,,,,,,Rastriya Banijya Bank,,,,,,,,,,,,,
,,,,,,,,,,,,,,,,,,,,,,NIMB,Fixed Deposit->1Yto2Y,6.00%,0.0,1.08 years,,,,,,,,,
,,,,,,,,,,,,,,,,,,,,,,Nepal Investment Mega Bank,,,,,,,,,,,,,
,,,,,,,,,,,,,,,,,,,,,,Everest Bank,Fixed Deposit-Above5Y,6.00%,0.0,5.08 years,,,,,,,,,
,,,,,,,,,,,,,,,,,,,,,,Everest Bank,,,,,,,,,,,,,
,,,,,,,,,,,,,,,,,,,,,,NMB Bank,Fixed Deposit->3Yto5Y,6.00%,0.0,3.08 years,,,,,,,,,
,,,,,,,,,,,,,,,,,,,,,,NMB Bank,,,,,,,,,,,,,
,,,,,,,,,,,,,,,,,,,,,,Progressive,Fixed Deposit-9M,6.00%,0.0,9 months,,,,,,,,,
,,,,,,,,,,,,,,,,,,,,,,Progressive Fin. Co.,,,,,,,,,,,,,
,,,,,,,,,,,,,,,,,,,,,,Pokhara Finan.,Fixed Deposit-90Days,6.00%,0.0,3 months,,,,,,,,,
,,,,,,,,,,,,,,,,,,,,,,Pokhara Finance,,,,,,,,,,,,,
,,,,,,,,,,,,,,,,,,,,,,Samriddhi Fin,Fixed Deposit-9 month,6.00%,0.0,9 months,,,,,,,,,
,,,,,,,,,,,,,,,,,,,,,,Samriddhi Finance Co.,,,,,,,,,,,,,
,,,,,,,,,,,,,,,,,,,,,,Guheshwori,Fixed Deposit-1Yto<2Y,6.00%,0.0,1 year,,,,,,,,,
,,,,,,,,,,,,,,,,,,,,,,Guheshwori Finance,,,,,,,,,,,,,
,,,,,,,,,,,,,,,,,,,,,,ICFC Finance,Fixed Deposit-1Yto<2Y,6.00%,0.0,1 year,,,,,,,,,
,,,,,,,,,,,,,,,,,,,,,,ICFC Finance Ltd,,,,,,,,,,,,,
,,,,,,,,,,,,,,,,,,,,,,Reliance Fin.,Fixed Deposit-9M,6.00%,0.0,9 months,,,,,,,,,
,,,,,,,,,,,,,,,,,,,,,,Reliance Finance Ltd.,,,,,,,,,,,,,
,,,,,,,,,,,,,,,,,,,,,,Prime Bank,Fixed Deposit-1Y,6.00%,0.0,1 year,,,,,,,,,
,,,,,,,,,,,,,,,,,,,,,,Prime Commercial Bank,,,,,,,,,,,,,
,,,,,,,,,,,,,,,,,,,,,,Shine Resunga,Fixed Deposit-3Yto<4Y,6.00%,0.0,3 years,,,,,,,,,
,,,,,,,,,,,,,,,,,,,,,,Shine Resunga BB,,,,,,,,,,,,,
,,,,,,,,,,,,,,,,,,,,,,Central Fin,Fixed Deposit-9 Month,6.00%,0.0,9 months,,,,,,,,,
,,,,,,,,,,,,,,,,,,,,,,Central Finance Ltd,,,,,,,,,,,,,
,,,,,,,,,,,,,,,,,,,,,,Shangrila Dev.,Fixed Deposit-1Y,6.00%,0.0,1 year,,,,,,,,,
,,,,,,,,,,,,,,,,,,,,,,Shangrila Bikas Bank,,,,,,,,,,,,,
,,,,,,,,,,,,,,,,,,,,,,Manjushree,Fixed Deposit-1Yto<3Y,6.00%,0.0,1 year,,,,,,,,,
,,,,,,,,,,,,,,,,,,,,,,Manjushree Finance,,,,,,,,,,,,,
,,,,,,,,,,,,,,,,,,,,,,Excel Bikas,Fixed Deposit-1Yto<3Y,6.00%,0.0,1 year,,,,,,,,,
,,,,,,,,,,,,,,,,,,,,,,Excel Bikas Bank,,,,,,,,,,,,,
,,,,,,,,,,,,,,,,,,,,,,Multipurpose,Fixed Deposit-6M,6.00%,0.0,6 months,,,,,,,,,
,,,,,,,,,,,,,,,,,,,,,,Multipurpose Finance,,,,,,,,,,,,,
,,,,,,,,,,,,,,,,,,,,,,Shree Invest,Fixed Deposit-1Yto2Y,6.00%,0.0,1 year,,,,,,,,,
,,,,,,,,,,,,,,,,,,,,,,Shree Invest &Finance,,,,,,,,,,,,,
,,,,,,,,,,,,,,,,,,,,,,Siddhartha,Fixed Deposit->2Y,6.00%,0.0,2.08 years,,,,,,,,,
,,,,,,,,,,,,,,,,,,,,,,Siddhartha Bank,,,,,,,,,,,,,
,,,,,,,,,,,,,,,,,,,,,,Machhapuchhre,Fixed Deposit-3Y&above,6.00%,0.0,3 years,,,,,,,,,
,,,,,,,,,,,,,,,,,,,,,,Machhapuchhre Bank,,,,,,,,,,,,,
,,,,,,,,,,,,,,,,,,,,,,Global IME,Fixed Deposit-3Y&above,6.00%,0.0,3 years,,,,,,,,,
,,,,,,,,,,,,,,,,,,,,,,Global IME Bank,,,,,,,,,,,,,
,,,,,,,,,,,,,,,,,,,,,,Sanima Bank,Fixed Deposit->2Yto3Y,5.85%,0.0,2.08 years,,,,,,,,,
,,,,,,,,,,,,,,,,,,,,,,Sanima Bank,,,,,,,,,,,,,
,,,,,,,,,,,,,,,,,,,,,,Kumari Bank,Fixed Deposit-2Y&above,5.81%,0.0,2 years,,,,,,,,,
,,,,,,,,,,,,,,,,,,,,,,Kumari Bank,,,,,,,,,,,,,
,,,,,,,,,,,,,,,,,,,,,,Multipurpose,Fixed Deposit-3M,5.80%,0.0,3 months,,,,,,,,,
,,,,,,,,,,,,,,,,,,,,,,Multipurpose Finance,,,,,,,,,,,,,
,,,,,,,,,,,,,,,,,,,,,,Muktinath,Fixed Deposit-1Yto2Y,5.80%,0.0,1 year,,,,,,,,,
,,,,,,,,,,,,,,,,,,,,,,Muktinath Bikas Bank,,,,,,,,,,,,,
,,,,,,,,,,,,,,,,,,,,,,Green Develop.,Fixed Deposit-3M,5.75%,0.0,3 months,,,,,,,,,
,,,,,,,,,,,,,,,,,,,,,,Green Dev. Bank,,,,,,,,,,,,,
,,,,,,,,,,,,,,,,,,,,,,Shine Resunga,Fixed Deposit-2Yto<3Y,5.75%,0.0,2 years,,,,,,,,,
,,,,,,,,,,,,,,,,,,,,,,Shine Resunga BB,,,,,,,,,,,,,
,,,,,,,,,,,,,,,,,,,,,,Prime Bank,Fixed Deposit-6Mto<1Y,5.75%,0.0,6 months,,,,,,,,,
,,,,,,,,,,,,,,,,,,,,,,Prime Commercial Bank,,,,,,,,,,,,,
,,,,,,,,,,,,,,,,,,,,,,Progressive,Fixed Deposit- 6M,5.75%,0.0,6 months,,,,,,,,,
,,,,,,,,,,,,,,,,,,,,,,Progressive Fin. Co.,,,,,,,,,,,,,
,,,,,,,,,,,,,,,,,,,,,,Samriddhi Fin,Fixed Deposit-6 month,5.75%,0.0,6 months,,,,,,,,,
,,,,,,,,,,,,,,,,,,,,,,Samriddhi Finance Co.,,,,,,,,,,,,,
,,,,,,,,,,,,,,,,,,,,,,Guheshwori,Fixed Deposit-6Mto9M,5.75%,0.0,6 months,,,,,,,,,
,,,,,,,,,,,,,,,,,,,,,,Guheshwori Finance,,,,,,,,,,,,,
,,,,,,,,,,,,,,,,,,,,,,Reliance Fin.,Fixed Deposit- 6M,5.75%,0.0,6 months,,,,,,,,,
,,,,,,,,,,,,,,,,,,,,,,Reliance Finance Ltd.,,,,,,,,,,,,,
,,,,,,,,,,,,,,,,,,,,,,Central Fin,Fixed Deposit-6 month,5.75%,0.0,6 months,,,,,,,,,
,,,,,,,,,,,,,,,,,,,,,,Central Finance Ltd,,,,,,,,,,,,,
,,,,,,,,,,,,,,,,,,,,,,Global IME,Fixed Deposit-2Yto<3Y,5.75%,0.0,2 years,,,,,,,,,
,,,,,,,,,,,,,,,,,,,,,,Global IME Bank,,,,,,,,,,,,,
,,,,,,,,,,,,,,,,,,,,,,Nabil Bank,Fixed Deposit-Above5Y,5.75%,0.0,5.08 years,,,,,,,,,
,,,,,,,,,,,,,,,,,,,,,,Nabil Bank,,,,,,,,,,,,,
,,,,,,,,,,,,,,,,,,,,,,Sanima Bank,Fixed Deposit->1Yto2Y,5.75%,0.0,1.08 years,,,,,,,,,
,,,,,,,,,,,,,,,,,,,,,,Sanima Bank,,,,,,,,,,,,,
,,,,,,,,,,,,,,,,,,,,,,Laxmi Sunrise,Fixed Deposit-5Y&above,5.75%,0.0,5 years,,,,,,,,,
,,,,,,,,,,,,,,,,,,,,,,Laxmi Sunrise,,,,,,,,,,,,,
,,,,,,,,,,,,,,,,,,,,,,Citizens Bank,Fixed Deposit-2Y&above,5.65%,0.0,2 years,,,,,,,,,
,,,,,,,,,,,,,,,,,,,,,,Citizens Bank Int'l,,,,,,,,,,,,,
,,,,,,,,,,,,,,,,,,,,,,Prabhu Bank,Fixed Deposit->1Yto5Y,5.60%,0.0,1 year,,,,,,,,,
,,,,,,,,,,,,,,,,,,,,,,Prabhu Bank,,,,,,,,,,,,,
,,,,,,,,,,,,,,,,,,,,,,Janaki Finan.,Fixed Deposit-3 Month,5.60%,0.0,3 months,,,,,,,,,
,,,,,,,,,,,,,,,,,,,,,,Janaki Finance Co.,,,,,,,,,,,,,
,,,,,,,,,,,,,,,,,,,,,,Goodwill Finan.,Fixed Deposit-9M,5.60%,0.0,9 months,,,,,,,,,
,,,,,,,,,,,,,,,,,,,,,,Goodwill Finance Co.,,,,,,,,,,,,,
,,,,,,,,,,,,,,,,,,,,,,Krishi Bikas,Fixed Deposit-3Y&above,5.51%,0.0,3 years,,,,,,,,,
,,,,,,,,,,,,,,,,,,,,,,Agricultural Dev. Bank,,,,,,,,,,,,,
,,,,,,,,,,,,,,,,,,,,,,Nepal Bank,Fixed Deposit->5Y,5.50%,0.0,5.08 years,,,,,,,,,
,,,,,,,,,,,,,,,,,,,,,,Nepal Bank Ltd.,,,,,,,,,,,,,
,,,,,,,,,,,,,,,,,,,,,,Shine Resunga,Fixed Deposit-1Yto<2Y,5.50%,0.0,1 year,,,,,,,,,
,,,,,,,,,,,,,,,,,,,,,,Shine Resunga BB,,,,,,,,,,,,,
,,,,,,,,,,,,,,,,,,,,,,Goodwill Finan.,Fixed Deposit-6M,5.50%,0.0,6 months,,,,,,,,,
,,,,,,,,,,,,,,,,,,,,,,Goodwill Finance Co.,,,,,,,,,,,,,
,,,,,,,,,,,,,,,,,,,,,,Shree Invest,Fixed Deposit-6M,5.50%,0.0,6 months,,,,,,,,,
,,,,,,,,,,,,,,,,,,,,,,Shree Invest &Finance,,,,,,,,,,,,,
,,,,,,,,,,,,,,,,,,,,,,Himalayan,Fixed Deposit->2Yto5Y,5.50%,0.0,2.08 years,,,,,,,,,
,,,,,,,,,,,,,,,,,,,,,,Himalayan Bank,,,,,,,,,,,,,
,,,,,,,,,,,,,,,,,,,,,,Nepal SBI,Fixed Deposit-3Y&above,5.50%,0.0,3 years,,,,,,,,,
,,,,,,,,,,,,,,,,,,,,,,Nepal SBI Bank,,,,,,,,,,,,,
,,,,,,,,,,,,,,,,,,,,,,Laxmi Sunrise,Fixed Deposit-2Yto<5Y,5.50%,0.0,2 years,,,,,,,,,
,,,,,,,,,,,,,,,,,,,,,,Laxmi Sunrise,,,,,,,,,,,,,
,,,,,,,,,,,,,,,,,,,,,,Siddhartha,Fixed Deposit-1Yto2Y,5.50%,0.0,1 year,,,,,,,,,
,,,,,,,,,,,,,,,,,,,,,,Siddhartha Bank,,,,,,,,,,,,,
,,,,,,,,,,,,,,,,,,,,,,Prime Bank,Fixed Deposit-3Mto<6M,5.50%,0.0,3 months,,,,,,,,,
,,,,,,,,,,,,,,,,,,,,,,Prime Commercial Bank,,,,,,,,,,,,,
,,,,,,,,,,,,,,,,,,,,,,Progressive,Fixed Deposit-3M,5.50%,0.0,3 months,,,,,,,,,
,,,,,,,,,,,,,,,,,,,,,,Progressive Fin. Co.,,,,,,,,,,,,,
,,,,,,,,,,,,,,,,,,,,,,Samriddhi Fin,Fixed Deposit-3M,5.50%,0.0,3 months,,,,,,,,,
,,,,,,,,,,,,,,,,,,,,,,Samriddhi Finance Co.,,,,,,,,,,,,,
,,,,,,,,,,,,,,,,,,,,,,Manjushree,Fixed Deposit-6Mto<1Y,5.50%,0.0,6 months,,,,,,,,,
,,,,,,,,,,,,,,,,,,,,,,Manjushree Finance,,,,,,,,,,,,,
,,,,,,,,,,,,,,,,,,,,,,Central Fin,Fixed Deposit-3M,5.50%,0.0,3 months,,,,,,,,,
,,,,,,,,,,,,,,,,,,,,,,Central Finance Ltd,,,,,,,,,,,,,
,,,,,,,,,,,,,,,,,,,,,,NIC Asia,Fixed Deposit-1Yto<5Y,5.50%,0.0,1 year,,,,,,,,,
,,,,,,,,,,,,,,,,,,,,,,NIC ASIA Bank,,,,,,,,,,,,,
,,,,,,,,,,,,,,,,,,,,,,Nabil Bank,FD->2Yto5Y,5.50%,0.0,2.08 years,,,,,,,,,
,,,,,,,,,,,,,,,,,,,,,,Nabil Bank,,,,,,,,,,,,,
,,,,,,,,,,,,,,,,,,,,,,NMB Bank,Fixed Deposit->2Yto3Y,5.50%,0.0,2.08 years,,,,,,,,,
,,,,,,,,,,,,,,,,,,,,,,NMB Bank,,,,,,,,,,,,,
,,,,,,,,,,,,,,,,,,,,,,Kumari Bank,Fixed Deposit-1Yto<2Y,5.41%,0.0,1 year,,,,,,,,,
,,,,,,,,,,,,,,,,,,,,,,Kumari Bank,,,,,,,,,,,,,
,,,,,,,,,,,,,,,,,,,,,,Best Finance,Fixed Deposit->6Mto1Y,5.35%,0.0,7 months,,,,,,,,,
,,,,,,,,,,,,,,,,,,,,,,Best Finance Co.,,,,,,,,,,,,,
,,,,,,,,,,,,,,,,,,,,,,Citizens Bank,Fixed Deposit-1Yto<2Y,5.25%,0.0,1 year,,,,,,,,,
,,,,,,,,,,,,,,,,,,,,,,Citizens Bank Int'l,,,,,,,,,,,,,
,,,,,,,,,,,,,,,,,,,,,,Mahalaxmi,Fixed Deposit-1Yto<3Y,5.25%,0.0,1 year,,,,,,,,,
,,,,,,,,,,,,,,,,,,,,,,Mahalaxmi Bikas Bank,,,,,,,,,,,,,
,,,,,,,,,,,,,,,,,,,,,,Lumbini Bikas,Fixed Deposit->1Yto2Y,5.25%,0.0,1.08 years,,,,,,,,,
,,,,,,,,,,,,,,,,,,,,,,Lumbini Bikas Bank,,,,,,,,,,,,,
,,,,,,,,,,,,,,,,,,,,,,Kamana Sewa,Fixed Deposit-1Yto<2Y,5.25%,0.0,1 year,,,,,,,,,
,,,,,,,,,,,,,,,,,,,,,,Kamana Sewa B.Bank,,,,,,,,,,,,,
,,,,,,,,,,,,,,,,,,,,,,Goodwill Finan.,Fixed Deposit-3M,5.25%,0.0,3 months,,,,,,,,,
,,,,,,,,,,,,,,,,,,,,,,Goodwill Finance Co.,,,,,,,,,,,,,
,,,,,,,,,,,,,,,,,,,,,,Nabil Bank,Fixed Deposit->1Yto2Y,5.25%,0.0,1.08 years,,,,,,,,,
,,,,,,,,,,,,,,,,,,,,,,Nabil Bank,,,,,,,,,,,,,
,,,,,,,,,,,,,,,,,,,,,,Guheshwori,Fixed Deposit-3M,5.25%,0.0,3 months,,,,,,,,,
,,,,,,,,,,,,,,,,,,,,,,Guheshwori Finance,,,,,,,,,,,,,
,,,,,,,,,,,,,,,,,,,,,,Manjushree,Fixed Deposit-3Mto<6M,5.25%,0.0,3 months,,,,,,,,,
,,,,,,,,,,,,,,,,,,,,,,Manjushree Finance,,,,,,,,,,,,,
,,,,,,,,,,,,,,,,,,,,,,Reliance Fin.,Fixed Deposit-3M,5.25%,0.0,3 months,,,,,,,,,
,,,,,,,,,,,,,,,,,,,,,,Reliance Finance Ltd.,,,,,,,,,,,,,
,,,,,,,,,,,,,,,,,,,,,,Mahalaxmi,Fixed Deposit-6M<1Y,5.15%,0.0,6 months,,,,,,,,,
,,,,,,,,,,,,,,,,,,,,,,Mahalaxmi Bikas Bank,,,,,,,,,,,,,
,,,,,,,,,,,,,,,,,,,,,,Lumbini Bikas,Fixed Deposit-6Mto1Y,5.10%,0.0,6 months,,,,,,,,,
,,,,,,,,,,,,,,,,,,,,,,Lumbini Bikas Bank,,,,,,,,,,,,,
,,,,,,,,,,,,,,,,,,,,,,Prabhu Bank,FD-6Mto1Y,5.10%,0.0,6 months,,,,,,,,,
,,,,,,,,,,,,,,,,,,,,,,Prabhu Bank,,,,,,,,,,,,,
,,,,,,,,,,,,,,,,,,,,,,Miteri Bikas,Fixed Deposit-6Mto9M,5.00%,0.0,6 months,,,,,,,,,
,,,,,,,,,,,,,,,,,,,,,,Miteri Bikas Bank,,,,,,,,,,,,,
,,,,,,,,,,,,,,,,,,,,,,Shangrila Dev.,Fixed Deposit-6Mto<1Y,5.00%,0.0,6 months,,,,,,,,,
,,,,,,,,,,,,,,,,,,,,,,Shangrila Bikas Bank,,,,,,,,,,,,,
,,,,,,,,,,,,,,,,,,,,,,RBB,Fixed Deposit-1Yto2Y,5.00%,0.0,1 year,,,,,,,,,
,,,,,,,,,,,,,,,,,,,,,,Rastriya Banijya Bank,,,,,,,,,,,,,
,,,,,,,,,,,,,,,,,,,,,,Nabil Bank,Fixed Deposit-3Mto1Y,5.00%,0.0,3 months,,,,,,,,,
,,,,,,,,,,,,,,,,,,,,,,Nabil Bank,,,,,,,,,,,,,
,,,,,,,,,,,,,,,,,,,,,,Nabil Bank,Cumulative FD,5.00%,0.0,1 year,,,,,,,,,
,,,,,,,,,,,,,,,,,,,,,,Nabil Bank,,,,,,,,,,,,,
,,,,,,,,,,,,,,,,,,,,,,NIMB,Fixed Deposit->6Mto1Y,5.00%,0.0,7 months,,,,,,,,,
,,,,,,,,,,,,,,,,,,,,,,Nepal Investment Mega Bank,,,,,,,,,,,,,
,,,,,,,,,,,,,,,,,,,,,,Himalayan,Fixed Deposit-1Yto2Y,5.00%,0.0,1 year,,,,,,,,,
,,,,,,,,,,,,,,,,,,,,,,Himalayan Bank,,,,,,,,,,,,,
,,,,,,,,,,,,,,,,,,,,,,Nepal SBI,Fixed Deposit-2Yto<3Y,5.00%,0.0,2 years,,,,,,,,,
,,,,,,,,,,,,,,,,,,,,,,Nepal SBI Bank,,,,,,,,,,,,,
,,,,,,,,,,,,,,,,,,,,,,Machhapuchhre,Fixed Deposit-1Yto<3Y,5.00%,0.0,1 year,,,,,,,,,
,,,,,,,,,,,,,,,,,,,,,,Machhapuchhre Bank,,,,,,,,,,,,,
,,,,,,,,,,,,,,,,,,,,,,Sanima Bank,Fixed Depsit- >6Mto1Y,5.00%,0.0,7 months,,,,,,,,,
,,,,,,,,,,,,,,,,,,,,,,Sanima Bank,,,,,,,,,,,,,
,,,,,,,,,,,,,,,,,,,,,,Best Finance,Fixed Deposit->3Mto6M,5.00%,0.0,4 months,,,,,,,,,
,,,,,,,,,,,,,,,,,,,,,,Best Finance Co.,,,,,,,,,,,,,
,,,,,,,,,,,,,,,,,,,,,,Global IME,Fixed Deposit-1Yto<2Y,5.00%,0.0,1 year,,,,,,,,,
,,,,,,,,,,,,,,,,,,,,,,Global IME Bank,,,,,,,,,,,,,
,,,,,,,,,,,,,,,,,,,,,,Muktinath,Fixed Deposit-9Mto<1Y,5.00%,0.0,9 months,,,,,,,,,
,,,,,,,,,,,,,,,,,,,,,,Muktinath Bikas Bank,,,,,,,,,,,,,
,,,,,,,,,,,,,,,,,,,,,,Laxmi Sunrise,Fixed Deposit-1Yto<2Y,5.00%,0.0,1 year,,,,,,,,,
,,,,,,,,,,,,,,,,,,,,,,Laxmi Sunrise,,,,,,,,,,,,,
,,,,,,,,,,,,,,,,,,,,,,Mahalaxmi,Fixed Deposit-3Mto<6M,4.85%,0.0,3 months,,,,,,,,,
,,,,,,,,,,,,,,,,,,,,,,Mahalaxmi Bikas Bank,,,,,,,,,,,,,
,,,,,,,,,,,,,,,,,,,,,,Kumari Bank,Fixed Deposit-6Mto<1Y,4.81%,0.0,6 months,,,,,,,,,
,,,,,,,,,,,,,,,,,,,,,,Kumari Bank,,,,,,,,,,,,,
,,,,,,,,,,,,,,,,,,,,,,Nepal Bank,Fixed Deposit->2Yto5Y,4.75%,0.0,2.08 years,,,,,,,,,
,,,,,,,,,,,,,,,,,,,,,,Nepal Bank Ltd.,,,,,,,,,,,,,
,,,,,,,,,,,,,,,,,,,,,,Miteri Bikas,Fixed Deposit-3Mto6M,4.75%,0.0,3 months,,,,,,,,,
,,,,,,,,,,,,,,,,,,,,,,Miteri Bikas Bank,,,,,,,,,,,,,
,,,,,,,,,,,,,,,,,,,,,,Citizens Bank,Fixed Deposit-6Mto<1Y,4.75%,0.0,6 months,,,,,,,,,
,,,,,,,,,,,,,,,,,,,,,,Citizens Bank Int'l,,,,,,,,,,,,,
,,,,,,,,,,,,,,,,,,,,,,Best Finance,Fixed Deposit-3 month,4.75%,0.0,3 months,,,,,,,,,
,,,,,,,,,,,,,,,,,,,,,,Best Finance Co.,,,,,,,,,,,,,
,,,,,,,,,,,,,,,,,,,,,,Excel Bikas,Fixed Deposit-9M,4.65%,0.0,9 months,,,,,,,,,
,,,,,,,,,,,,,,,,,,,,,,Excel Bikas Bank,,,,,,,,,,,,,
,,,,,,,,,,,,,,,,,,,,,,Siddhartha,Fixed Deposit-3Mto<1Y,4.60%,0.0,3 months,,,,,,,,,
,,,,,,,,,,,,,,,,,,,,,,Siddhartha Bank,,,,,,,,,,,,,
,,,,,,,,,,,,,,,,,,,,,,Nepal SBI,Fixed Deposit-1Yto<2Y,4.51%,0.0,1 year,,,,,,,,,
,,,,,,,,,,,,,,,,,,,,,,Nepal SBI Bank,,,,,,,,,,,,,
,,,,,,,,,,,,,,,,,,,,,,Muktinath,Fixed Deposit-6M,4.50%,0.0,6 months,,,,,,,,,
,,,,,,,,,,,,,,,,,,,,,,Muktinath Bikas Bank,,,,,,,,,,,,,
,,,,,,,,,,,,,,,,,,,,,,Shine Resunga,Fixed Deposit-6Mto<1Y,4.50%,0.0,6 months,,,,,,,,,
,,,,,,,,,,,,,,,,,,,,,,Shine Resunga BB,,,,,,,,,,,,,
,,,,,,,,,,,,,,,,,,,,,,Jyoti Bikas,Fixed Deposit->1Yto<3Y,4.50%,0.0,1.08 years,,,,,,,,,
,,,,,,,,,,,,,,,,,,,,,,Jyoti Bikas Bank,,,,,,,,,,,,,
,,,,,,,,,,,,,,,,,,,,,,Garima Bikas,Fixed Deposit-1Yto<2Y,4.50%,0.0,1 year,,,,,,,,,
,,,,,,,,,,,,,,,,,,,,,,Garima Bikas Bank,,,,,,,,,,,,,
,,,,,,,,,,,,,,,,,,,,,,Kamana Sewa,Fixed Deposit-6Mto<1Y,4.50%,0.0,6 months,,,,,,,,,
,,,,,,,,,,,,,,,,,,,,,,Kamana Sewa B.Bank,,,,,,,,,,,,,
,,,,,,,,,,,,,,,,,,,,,,Himalayan,Fixed Deposit-9M,4.50%,0.0,9 months,,,,,,,,,
,,,,,,,,,,,,,,,,,,,,,,Himalayan Bank,,,,,,,,,,,,,
,,,,,,,,,,,,,,,,,,,,,,Everest Bank,Fixed Deposit->2Yto5Y,4.50%,0.0,2.08 years,,,,,,,,,
,,,,,,,,,,,,,,,,,,,,,,Everest Bank,,,,,,,,,,,,,
,,,,,,,,,,,,,,,,,,,,,,Global IME,Fixed Deposit-6Mto<1Y,4.50%,0.0,6 months,,,,,,,,,
,,,,,,,,,,,,,,,,,,,,,,Global IME Bank,,,,,,,,,,,,,
,,,,,,,,,,,,,,,,,,,,,,Citizens Bank,Fixed Deposit-3Mto<6M,4.50%,0.0,3 months,,,,,,,,,
,,,,,,,,,,,,,,,,,,,,,,Citizens Bank Int'l,,,,,,,,,,,,,
,,,,,,,,,,,,,,,,,,,,,,NMB Bank,Fixed Deposit->13Mto2Y,4.50%,0.0,1 year,,,,,,,,,
,,,,,,,,,,,,,,,,,,,,,,NMB Bank,,,,,,,,,,,,,
,,,,,,,,,,,,,,,,,,,,,,Laxmi Sunrise,Fixed Deposit-6Mto<1Y,4.50%,0.0,6 months,,,,,,,,,
,,,,,,,,,,,,,,,,,,,,,,Laxmi Sunrise,,,,,,,,,,,,,
,,,,,,,,,,,,,,,,,,,,,,Excel Bikas,Fixed Deposit-6M,4.40%,0.0,6 months,,,,,,,,,
,,,,,,,,,,,,,,,,,,,,,,Excel Bikas Bank,,,,,,,,,,,,,
,,,,,,,,,,,,,,,,,,,,,,ICFC Finance,Fixed Deposit-6Mto<1Y,4.40%,0.0,6 months,,,,,,,,,
,,,,,,,,,,,,,,,,,,,,,,ICFC Finance Ltd,,,,,,,,,,,,,
,,,,,,,,,,,,,,,,,,,,,,Kumari Bank,Fixed Deposit-3Mto<6M,4.31%,0.0,3 months,,,,,,,,,
,,,,,,,,,,,,,,,,,,,,,,Kumari Bank,,,,,,,,,,,,,
,,,,,,,,,,,,,,,,,,,,,,Nepal SBI,Fixed Deposit-6Mto<1Y,4.30%,0.0,6 months,,,,,,,,,
,,,,,,,,,,,,,,,,,,,,,,Nepal SBI Bank,,,,,,,,,,,,,
,,,,,,,,,,,,,,,,,,,,,,NIMB,Fixed Deposit-3Mto6M,4.25%,0.0,3 months,,,,,,,,,
,,,,,,,,,,,,,,,,,,,,,,Nepal Investment Mega Bank,,,,,,,,,,,,,
,,,,,,,,,,,,,,,,,,,,,,SCB,Fixed Deposit-1Yto<5Y,4.25%,0.0,1 year,,,,,,,,,
,,,,,,,,,,,,,,,,,,,,,,Standard Chartered Bank,,,,,,,,,,,,,
,,,,,,,,,,,,,,,,,,,,,,NMB Bank,Manyajan Muddati,4.25%,0.0,1 year,,,,,,,,,
,,,,,,,,,,,,,,,,,,,,,,NMB Bank,,,,,,,,,,,,,
,,,,,,,,,,,,,,,,,,,,,,NMB Bank,Fixed Deposit->6Mto13M,4.25%,0.0,7 months,,,,,,,,,
,,,,,,,,,,,,,,,,,,,,,,NMB Bank,,,,,,,,,,,,,
,,,,,,,,,,,,,,,,,,,,,,Everest Bank,Fixed Deposit-1Yto2Y,4.25%,0.0,1 year,,,,,,,,,
,,,,,,,,,,,,,,,,,,,,,,Everest Bank,,,,,,,,,,,,,
,,,,,,,,,,,,,,,,,,,,,,Krishi Bikas,Fixed Depsit-2Year,4.24%,0.0,2 years,,,,,,,,,
,,,,,,,,,,,,,,,,,,,,,,Agricultural Dev. Bank,,,,,,,,,,,,,
,,,,,,,,,,,,,,,,,,,,,,Excel Bikas,Fixed Deposit-3M,4.15%,0.0,3 months,,,,,,,,,
,,,,,,,,,,,,,,,,,,,,,,Excel Bikas Bank,,,,,,,,,,,,,
,,,,,,,,,,,,,,,,,,,,,,Global IME,Fixed Deposit-3Mto<6M,4.00%,0.0,3 months,,,,,,,,,
,,,,,,,,,,,,,,,,,,,,,,Global IME Bank,,,,,,,,,,,,,
,,,,,,,,,,,,,,,,,,,,,,Shangrila Dev.,Fixed Deposit-3Mto<6M,4.00%,0.0,3 months,,,,,,,,,
,,,,,,,,,,,,,,,,,,,,,,Shangrila Bikas Bank,,,,,,,,,,,,,
,,,,,,,,,,,,,,,,,,,,,,Jyoti Bikas,Fixed Deposit-1Year,4.00%,0.0,1 year,,,,,,,,,
,,,,,,,,,,,,,,,,,,,,,,Jyoti Bikas Bank,,,,,,,,,,,,,
,,,,,,,,,,,,,,,,,,,,,,Nepal Bank,Fixed Deposit-Upto2Year,4.00%,0.0,3 months,,,,,,,,,
,,,,,,,,,,,,,,,,,,,,,,Nepal Bank Ltd.,,,,,,,,,,,,,
,,,,,,,,,,,,,,,,,,,,,,Garima Bikas,Fixed Deposit-6Mto<1Y,4.00%,0.0,6 months,,,,,,,,,
,,,,,,,,,,,,,,,,,,,,,,Garima Bikas Bank,,,,,,,,,,,,,
,,,,,,,,,,,,,,,,,,,,,,Kamana Sewa,Fixed Deposit-3Mto<6M,4.00%,0.0,3 months,,,,,,,,,
,,,,,,,,,,,,,,,,,,,,,,Kamana Sewa B.Bank,,,,,,,,,,,,,
,,,,,,,,,,,,,,,,,,,,,,RBB,Fixed Deposit-3Mto1Y,4.00%,0.0,3 months,,,,,,,,,
,,,,,,,,,,,,,,,,,,,,,,Rastriya Banijya Bank,,,,,,,,,,,,,
,,,,,,,,,,,,,,,,,,,,,,SCB,Fixed Deposit-3Mto<1Y,4.00%,0.0,3 months,,,,,,,,,
,,,,,,,,,,,,,,,,,,,,,,Standard Chartered Bank,,,,,,,,,,,,,
,,,,,,,,,,,,,,,,,,,,,,Himalayan,Fixed Deposit-6M,4.00%,0.0,6 months,,,,,,,,,
,,,,,,,,,,,,,,,,,,,,,,Himalayan Bank,,,,,,,,,,,,,
,,,,,,,,,,,,,,,,,,,,,,Everest Bank,Fixed Deposit-3Mto<1Y,4.00%,0.0,3 months,,,,,,,,,
,,,,,,,,,,,,,,,,,,,,,,Everest Bank,,,,,,,,,,,,,
,,,,,,,,,,,,,,,,,,,,,,Laxmi Sunrise,Fixed Deposit-3Mto<6M,4.00%,0.0,3 months,,,,,,,,,
,,,,,,,,,,,,,,,,,,,,,,Laxmi Sunrise,,,,,,,,,,,,,
,,,,,,,,,,,,,,,,,,,,,,Krishi Bikas,Fixed Deposit-1Y,4.00%,0.0,1 year,,,,,,,,,
,,,,,,,,,,,,,,,,,,,,,,Agricultural Dev. Bank,,,,,,,,,,,,,
,,,,,,,,,,,,,,,,,,,,,,Sanima Bank,Fixed Deposit-3Mto6M,4.00%,0.0,3 months,,,,,,,,,
,,,,,,,,,,,,,,,,,,,,,,Sanima Bank,,,,,,,,,,,,,
,,,,,,,,,,,,,,,,,,,,,,NIC Asia,Fixed Deposit->3Mto<1Y,4.00%,0.0,4 months,,,,,,,,,
,,,,,,,,,,,,,,,,,,,,,,NIC ASIA Bank,,,,,,,,,,,,,
,,,,,,,,,,,,,,,,,,,,,,ICFC Finance,Fixed Deposit-3Mto<1Y,4.00%,0.0,3 months,,,,,,,,,
,,,,,,,,,,,,,,,,,,,,,,ICFC Finance Ltd,,,,,,,,,,,,,
,,,,,,,,,,,,,,,,,,,,,,Garima Bikas,Fixed Deposit-3Mto<6M,3.75%,0.0,3 months,,,,,,,,,
,,,,,,,,,,,,,,,,,,,,,,Garima Bikas Bank,,,,,,,,,,,,,
,,,,,,,,,,,,,,,,,,,,,,Machhapuchhre,Fixed Deposit-6Mto<1Y,3.75%,0.0,6 months,,,,,,,,,
,,,,,,,,,,,,,,,,,,,,,,Machhapuchhre Bank,,,,,,,,,,,,,
,,,,,,,,,,,,,,,,,,,,,,Jyoti Bikas,Fixed Deposit-6Mto<1Y,3.50%,0.0,6 months,,,,,,,,,
,,,,,,,,,,,,,,,,,,,,,,Jyoti Bikas Bank,,,,,,,,,,,,,
,,,,,,,,,,,,,,,,,,,,,,Nepal SBI,Fixed Deposit-3Mto<6M,3.50%,0.0,3 months,,,,,,,,,
,,,,,,,,,,,,,,,,,,,,,,Nepal SBI Bank,,,,,,,,,,,,,
,,,,,,,,,,,,,,,,,,,,,,Machhapuchhre,Fixed Deposit-3Mto<6M,3.50%,0.0,3 months,,,,,,,,,
,,,,,,,,,,,,,,,,,,,,,,Machhapuchhre Bank,,,,,,,,,,,,,
,,,,,,,,,,,,,,,,,,,,,,NIC Asia,Fixed Deposit-3M,3.50%,0.0,3 months,,,,,,,,,
,,,,,,,,,,,,,,,,,,,,,,NIC ASIA Bank,,,,,,,,,,,,,
,,,,,,,,,,,,,,,,,,,,,,Himalayan,Fixed Deposit-3M,3.25%,0.0,3 months,,,,,,,,,
,,,,,,,,,,,,,,,,,,,,,,Himalayan Bank,,,,,,,,,,,,,
,,,,,,,,,,,,,,,,,,,,,,Krishi Bikas,Fixed Deposit- 6M,3.25%,0.0,6 months,,,,,,,,,
,,,,,,,,,,,,,,,,,,,,,,Agricultural Dev. Bank,,,,,,,,,,,,,
,,,,,,,,,,,,,,,,,,,,,,Jyoti Bikas,Fixed Deposit-3M,3.00%,0.0,3 months,,,,,,,,,
,,,,,,,,,,,,,,,,,,,,,,Jyoti Bikas Bank,,,,,,,,,,,,,
,,,,,,,,,,,,,,,,,,,,,,Krishi Bikas,Fixed Deposit-3M,3.00%,0.0,3 months,,,,,,,,,
,,,,,,,,,,,,,,,,,,,,,,Agricultural Dev. Bank,,,,,,,,,,,,,
,,,,,,,,,,,,,,,,,,,,,,NMB Bank,Saral Muddati-3M,3.00%,0.0,3 months,,,,,,,,,
,,,,,,,,,,,,,,,,,,,,,,NMB Bank,,,,,,,,,,,,,
,,,,,,,,,,,,,,,,,,,,,,NMB Bank,Fixed Deposit-Upto6M,3.00%,0.0,3 months,,,,,,,,,
,,,,,,,,,,,,,,,,,,,,,,NMB Bank,,,,,,,,,,,,,
,,,,,,,,,,,,,,,,,,,,,,,,,,,,,,,,,,,
,,,,,,,,,,,,,,,,,,,,,,"Updated as on: Mar 22, 2025",,,,,,,,,,,,,
,,,,,,,,,,,,,,,,,,,,,,,,,,,,,,,,,,,
,,,,,,,,,,,,,,,,,,,,,,Latest article,,,,,,,,,,,,,
,,,,,,,,,,,,,,,,,,,,,,,,,,,,,,,,,,,
,,,,,,,,,,,,,,,,,,,,,,Chaitra 2081 Interest Updated,,,,,,,,,,,,,
,,,,,,,,,,,,,,,,,,,,,,22-Mar-25,,,,,,,,,,,,,
,,,,,,,,,,,,,,,,,,,,,,,,,,,,,,,,,,,
,,,,,,,,,,,,,,,,,,,,,,Base Rate Update Ongoing,,,,,,,,,,,,,
,,,,,,,,,,,,,,,,,,,,,,16-Mar-25,,,,,,,,,,,,,
,,,,,,,,,,,,,,,,,,,,,,Personal Loan,,,,,,,,,,,,,
0.0,,,,,,,,,a. Paid-up Capital,13115.5,13000.0,16272.0,,16135.2,15610.5,,15000.0,20000.0,22457.5,18824.6,,,,,,,14850.0,94375.0,,,,,,,
1.0,,,,,,,,,b. Calls in Advance,0.0,0.0,0.0,,0.0,0.0,,0.0,0.0,0.0,0.0,,,,,,,0.0,0.0,,,,,,,
2.0,,,,,,,,,c. General Reserves,2832.6,2529.0,1273.1,,1550.0,1665.5,,321.1,688.4,991.4,547.7,,,,,,,2354.4,13294.4,,,,,,,
3.0,,,,,,,,,d. Share Premium,418.7,52.8,0.0,,130.7,0.0,,150.5,429.7,0.0,190.3,,,,,,,44.4,0.0,,,,,,,
4.0,,,,,,,,,e. Retained Earning,20.9,-1790.5,98.2,,170.4,446.9,,19.3,271.1,655.9,64.4,,,,,,,222.0,-43916.7,,,,,,,
5.0,,,,,,,,,f. Others Reserves Fund,854.7,429.7,0.0,,1045.3,749.5,,3.0,45.5,0.0,0.7,,,,,,,2172.4,44830.1,,,,,,,
6.0,,,,,,,,,g.  Exchange Fluctuation Fund,134.2,16.7,91.9,,96.5,66.7,,139.3,8.1,0.0,46.8,,,,,,,63.8,92.2,,,,,,,
7.0,,,,,,,,,2   BORROWINGS,12502.0,215.0,9900.0,,3500.0,10018.5,,10375.8,21450.0,17128.4,716.5,,,,,,,13390.1,25457.0,,,,,,,
8.0,,,,,,,,,a. NRB,9069.0,0.0,9400.0,,0.0,7000.0,,10000.0,8500.0,9600.0,0.0,,,,,,,0.0,1233.4,,,,,,,
9.0,,,,,,,,,"b. ""A""Class Licensed Institution",1433.0,215.0,500.0,,0.0,0.0,,375.8,12950.0,7528.4,716.5,,,,,,,9390.1,0.0,,,,,,,
10.0,,,,,,,,,c. Foreign Banks and Fin. Ins.,0.0,0.0,0.0,,0.0,290.8,,0.0,0.0,0.0,0.0,,,,,,,0.0,0.0,,,,,,,
11.0,,,,,,,,,d. Other Financial Ins.,0.0,0.0,0.0,,0.0,450.0,,0.0,0.0,0.0,0.0,,,,,,,0.0,1223.6,,,,,,,
12.0,,,,,,,,,e. Bonds and Securities,2000.0,0.0,0.0,,3500.0,2277.7,,0.0,0.0,0.0,0.0,,,,,,,4000.0,23000.0,,,,,,,
13.0,,,,,,,,,3   DEPOSITS,173764.6,66246.1,170852.9,,176621.7,203472.8,,144040.1,133049.2,171220.6,131489.5,,,,,,,162136.3,326456.0,,,,,,,
14.0,,,,,,,,,a. Current,11273.1,2316.4,4826.7,,5906.9,4533.1,,6922.4,4774.6,4502.2,1990.7,,,,,,,6812.8,21466.6,,,,,,,
15.0,,,,,,,,,Domestic,11062.3,2163.2,4559.5,,5325.8,3872.2,,5717.5,3132.9,4436.6,1975.8,,,,,,,6451.0,21466.6,,,,,,,
16.0,,,,,,,,,Foreign,210.8,153.2,267.2,,581.1,660.9,,1205.0,1641.7,65.5,14.8,,,,,,,361.8,0.0,,,,,,,
17.0,,,,,,,,,b. Savings,38501.6,19903.7,69599.0,,41683.3,30269.5,,38208.0,32694.6,20925.4,24888.3,,,,,,,66101.5,163201.8,,,,,,,
18.0,,,,,,,,,Domestic,37957.7,19736.2,69230.0,,40091.9,29972.7,,37519.0,32480.2,20843.0,24854.1,,,,,,,64944.4,163201.8,,,,,,,
19.0,,,,,,,,,Foreign,543.9,167.6,369.0,,1591.3,296.8,,689.1,214.4,82.4,34.2,,,,,,,1157.1,0.0,,,,,,,
20.0,,,,,,,,,c. Fixed,95598.6,35708.5,64073.3,,97614.9,112166.0,,66316.2,60589.0,75397.2,80492.9,,,,,,,65912.0,140611.5,,,,,,,
21.0,,,,,,,,,Domestic,88155.8,35572.4,60817.7,,85525.4,104649.4,,64392.8,53389.6,70456.8,66061.1,,,,,,,58303.0,140611.5,,,,,,,
22.0,,,,,,,,,Foreign,7442.8,136.1,3255.7,,12089.5,7516.6,,1923.4,7199.4,4940.4,14431.8,,,,,,,7609.0,0.0,,,,,,,
23.0,,,,,,,,,d. Call Deposits,27044.4,7805.9,31210.9,,28747.7,54686.8,,29835.1,34378.8,69501.9,23540.9,,,,,,,21406.1,1176.0,,,,,,,
24.0,,,,,,,,,e. Others,1346.9,511.5,1143.0,,2668.9,1817.4,,2758.3,612.1,894.0,576.8,,,,,,,1903.9,0.0,,,,,,,
25.0,,,,,,,,,4   Bills Payable,30.1,30.0,146.8,,55.3,119.9,,81.2,42.0,30.6,200.8,,,,,,,126.7,0.0,,,,,,,
26.0,,,,,,,,,5   Other Liabilities,12134.2,6194.3,15688.6,,13007.4,13132.4,,10016.7,9734.0,10307.3,14539.3,,,,,,,14926.4,153910.0,,,,,,,
27.0,,,,,,,,,1. Sundry Creditors,3509.1,751.1,207.1,,393.3,1943.2,,1627.9,3.5,419.0,0.0,,,,,,,6934.2,17305.1,,,,,,,
28.0,,,,,,,,,2. Loan Loss Provision,2247.3,1759.5,7837.1,,1922.6,2598.8,,4583.6,1937.3,1919.4,2141.5,,,,,,,2252.6,58467.8,,,,,,,
29.0,,,,,,,,,3. Interest Suspense a/c,191.6,603.4,1487.2,,378.5,916.2,,410.5,2827.3,3919.6,2382.3,,,,,,,3369.7,15555.6,,,,,,,
30.0,,,,,,,,,4. Others,6186.1,3080.3,6157.2,,10312.9,7674.1,,3394.7,4965.9,4049.3,10015.5,,,,,,,2369.9,62581.5,,,,,,,
31.0,,,,,,,,,6   Reconcillation A/c,1474006.1,2.8,0.0,,0.0,0.0,,0.0,-200.3,0.0,0.0,,,,,,,0.0,0.0,,,,,,,
32.0,,,,,,,,,7   Profit & Loss A/c,4825.6,2166.4,738.1,,3439.5,2761.5,,2233.7,1223.1,1089.0,810.8,,,,,,,1564.2,17564.9,,,,,,,
33.0,,,,,,,,,TOTAL LIABILITIES,1694639.3,89092.2,215061.6,,215752.0,248044.2,,182380.6,186740.9,223880.8,167431.4,,,,,,,211850.7,632062.9,,,,,,,
,,,,,,,,,,,,,,,,,,,,,,,,,,,,,Balance of Trade,-137802.0,-135752.0,-3913.0,-167318.0,NPR Million,2024-Jan
,,,,,,,,,,,,,,,,,,,,,,,,,,,,,Current Account,221339.0,179481.0,221339.0,-623325.0,NPR Million,2024-March
,,,,,,,,,,,,,,,,,,,,,,,,,,,,,Current Account to GDP,-1.5,-12.7,5.4,-12.7,percent of GDP,2023-December
,,,,,,,,,,,,,,,,,,,,,,,,,,,,,Exports,28416.0,25129.0,44610.0,-322.0,NPR Million,2025-Jan
,,,,,,,,,,,,,,,,,,,,,,,,,,,,,Imports,166218.0,160882.0,299677.0,8000.0,NPR Million,2025-Jan
,,,,,,,,,,,,,,,,,,,,,,,,,,,,,Gold Reserves,7.99,7.99,7.99,0.0,Tonnes,2024-June
,,,,,,,,,,,,,,,,,,,,,,,,,,,,,Tourist Arrivals,1014876.0,614148.0,1197191.0,9388.0,Persons,2023-December
,,,,,,,,,,,,,,,,,,,,,,,,,,,,,Foreign Direct Investment,5961.0,18560.0,19513.0,-470.0,NPR Million,2023-December
,,,,,,,,,,,,,,,,,,,,,,,,,,,,,Terms of Trade,106.0,108.0,164.0,90.5,points,2025-February
,,,,,,,,,,,,,,,,,,,,,,,,,,,,,Terrorism Index,1.11,2.16,6.86,1.11,Points,2024-December
